Dates,Systemic Risk,Recession
date,number,number
1996-10-28,0.8116574365373654,0
1996-11-04,0.8117331853444294,0
1996-11-11,0.8119171921869216,0
1996-11-18,0.812183399910989,0
1996-11-25,0.8118973178759227,0
1996-12-02,0.8128896101268076,0
1996-12-09,0.8125138227424672,0
1996-12-16,0.8117103336113654,0
1996-12-23,0.8112471787844784,0
1996-12-30,0.8120627969796218,0
1997-01-06,0.8116725486670467,0
1997-01-13,0.8116585481594268,0
1997-01-20,0.8124266283225748,0
1997-01-27,0.8127287090101746,0
1997-02-03,0.8127383866053584,0
1997-02-10,0.8130074377591895,0
1997-02-17,0.8129640709550406,0
1997-02-24,0.8131362277685964,0
1997-03-03,0.8130248112312106,0
1997-03-10,0.813410315233678,0
1997-03-17,0.8132373868261416,0
1997-03-24,0.8135527806050896,0
1997-03-31,0.8133360665637215,0
1997-04-07,0.8133583356292629,0
1997-04-14,0.8138258190668254,0
1997-04-21,0.8142196253025157,0
1997-04-28,0.8153767067899924,0
1997-05-05,0.8151026092088263,0
1997-05-12,0.8154066926212542,0
1997-05-19,0.8153883630179634,0
1997-05-26,0.815282505990493,0
1997-06-02,0.8162002495603796,0
1997-06-09,0.8161839282898202,0
1997-06-16,0.816195818904897,0
1997-06-23,0.8163667848523607,0
1997-06-30,0.8167424447965524,0
1997-07-07,0.8168920730488349,0
1997-07-14,0.8172717482592199,0
1997-07-21,0.8166315755034733,0
1997-07-28,0.8168347291442892,0
1997-08-04,0.8173173128457027,0
1997-08-11,0.8172547805568328,0
1997-08-18,0.8172371687802823,0
1997-08-25,0.8167687153127883,0
1997-09-01,0.8169835044541551,0
1997-09-08,0.8169500969828997,0
1997-09-15,0.8177971385584798,0
1997-09-22,0.8178129903682745,0
1997-09-29,0.8179966291403081,0
1997-10-06,0.8183958397579882,0
1997-10-13,0.8182108940447728,0
1997-10-20,0.8181077426029773,0
1997-10-27,0.8181527473959511,0
1997-11-03,0.8180216898624535,0
1997-11-10,0.8179705116307938,0
1997-11-17,0.8180603193726497,0
1997-11-24,0.8186150590400355,0
1997-12-01,0.8189866073880808,0
1997-12-08,0.818657843796991,0
1997-12-15,0.8180222839653749,0
1997-12-22,0.8175981913531141,0
1997-12-29,0.8177239298119117,0
1998-01-05,0.8163289955000379,0
1998-01-12,0.8162159065103802,0
1998-01-19,0.8161730282993174,0
1998-01-26,0.8166769950971157,0
1998-02-02,0.8168797435268462,0
1998-02-09,0.8168341122392246,0
1998-02-16,0.8167743406782969,0
1998-02-23,0.8165538008074151,0
1998-03-02,0.8163620905167899,0
1998-03-09,0.8166488396536645,0
1998-03-16,0.8164683362656672,0
1998-03-23,0.8165532360163537,0
1998-03-30,0.8166714642605211,0
1998-04-05,0.8164256123416804,0
1998-04-13,0.8164492988026816,0
1998-04-20,0.8165635402230615,0
1998-04-27,0.816493195134476,0
1998-05-04,0.8157194977046093,0
1998-05-11,0.8155656996608673,0
1998-05-18,0.8157799621531843,0
1998-05-25,0.8154325468891567,0
1998-06-01,0.8154864570061658,0
1998-06-08,0.8155147609152431,0
1998-06-15,0.8150025861946919,0
1998-06-22,0.815035519268436,0
1998-06-28,0.814767545542995,0
1998-07-06,0.8144668111948393,0
1998-07-13,0.8145345963899671,0
1998-07-20,0.8141922469860766,0
1998-07-27,0.8144506582767229,0
1998-08-03,0.8136917607006691,0
1998-08-10,0.8134593268562481,0
1998-08-17,0.8118235276016879,0
1998-08-24,0.8111570616819979,0
1998-08-31,0.8100029510942863,0
1998-09-07,0.8098969368474406,0
1998-09-14,0.8096231927016412,0
1998-09-21,0.8096202403363176,0
1998-09-28,0.8088230857198755,0
1998-10-05,0.8124814015476429,0
1998-10-12,0.8115525130238688,0
1998-10-19,0.8116723961166911,0
1998-10-26,0.8122198369470104,0
1998-11-02,0.8131009139292599,0
1998-11-09,0.8130328577278895,0
1998-11-16,0.8128656349481841,0
1998-11-23,0.8133894497515209,0
1998-11-30,0.8127955802700061,0
1998-12-07,0.8125473272484064,0
1998-12-14,0.8122230701832593,0
1998-12-20,0.8130452986470742,0
1998-12-27,0.8132902966090143,0
1999-01-04,0.8131705449658713,0
1999-01-11,0.8123698440379458,0
1999-01-18,0.8121010155460182,0
1999-01-25,0.8118641829525781,0
1999-02-01,0.8128356821020049,0
1999-02-08,0.812975857669917,0
1999-02-15,0.8124480772623592,0
1999-02-22,0.8131275756213152,0
1999-03-01,0.8124578723636674,0
1999-03-08,0.8127141721494758,0
1999-03-15,0.8125234868524441,0
1999-03-22,0.8124777469223412,0
1999-03-28,0.810270389092423,0
1999-04-05,0.8091167390695517,0
1999-04-12,0.8082305598788707,0
1999-04-19,0.807757931987261,0
1999-04-26,0.8071995161010391,0
1999-05-03,0.8075758060356479,0
1999-05-10,0.8072843729879499,0
1999-05-17,0.8070787719467513,0
1999-05-24,0.8073862632021981,0
1999-05-31,0.8081447049263689,0
1999-06-07,0.8082349520209552,0
1999-06-14,0.8087022093779184,0
1999-06-21,0.8080667567535931,0
1999-06-28,0.8082497302467444,0
1999-07-05,0.8083739520831547,0
1999-07-12,0.8085961320764303,0
1999-07-19,0.8092465382818483,0
1999-07-26,0.8091920481843969,0
1999-08-02,0.8089185702979483,0
1999-08-09,0.8088614031938284,0
1999-08-16,0.8086078508156649,0
1999-08-23,0.8084576445589119,0
1999-08-30,0.8085830858193335,0
1999-09-06,0.8080344414808064,0
1999-09-13,0.807898985197241,0
1999-09-20,0.8079017597905158,0
1999-09-27,0.8081924054911569,0
1999-10-04,0.8079671118747263,0
1999-10-11,0.8074247252113068,0
1999-10-18,0.8074931366867715,0
1999-10-25,0.8080737832764353,0
1999-11-01,0.8080849693073855,0
1999-11-08,0.8072904460316482,0
1999-11-15,0.807184417314598,0
1999-11-22,0.8072117863958114,0
1999-11-29,0.8069814162251078,0
1999-12-06,0.806763279957107,0
1999-12-13,0.8067377399478706,0
1999-12-19,0.8067363282629465,0
1999-12-27,0.8065582254931857,0
2000-01-03,0.8060203649588172,0
2000-01-10,0.8060813482615957,0
2000-01-17,0.8053537246612712,0
2000-01-24,0.8046903695390549,0
2000-01-31,0.8044999593759845,0
2000-02-07,0.8042413938366884,0
2000-02-14,0.8019180542171658,0
2000-02-21,0.8019983728776839,0
2000-02-28,0.8009501775892329,0
2000-03-06,0.7999808077995504,0
2000-03-13,0.7984351748840907,0
2000-03-20,0.7975294209847688,0
2000-03-27,0.7973180371428685,0
2000-04-03,0.7975036273790044,0
2000-04-10,0.7962142617580611,0
2000-04-16,0.7959136581211917,0
2000-04-24,0.7961299074426665,0
2000-05-01,0.7938877511024854,0
2000-05-08,0.7934356526511264,0
2000-05-15,0.7933700267136784,0
2000-05-22,0.7928405377222539,0
2000-05-29,0.793036328391366,0
2000-06-05,0.7921713314080426,0
2000-06-12,0.7915720446900921,0
2000-06-19,0.7920493505166923,0
2000-06-26,0.7919035925364134,0
2000-07-03,0.7913702744294995,0
2000-07-10,0.7907962736989507,0
2000-07-17,0.7906972016063303,0
2000-07-24,0.7902835296965462,0
2000-07-31,0.790370730098038,0
2000-08-07,0.789656741274503,0
2000-08-14,0.7893311375203298,0
2000-08-21,0.7893170966558843,0
2000-08-28,0.7890886862325974,0
2000-09-04,0.7889050561351301,0
2000-09-11,0.7881974756486149,0
2000-09-18,0.7879732888951327,0
2000-09-25,0.7876953333141501,0
2000-10-02,0.7874990495998058,0
2000-10-09,0.7866176566760078,0
2000-10-16,0.7870357997429266,0
2000-10-23,0.7862436292549889,0
2000-10-30,0.7855924154483329,0
2000-11-06,0.7849232601598802,0
2000-11-13,0.7848039340724436,0
2000-11-20,0.7851434368088359,0
2000-11-27,0.7840086498143232,0
2000-12-04,0.7835765771535966,0
2000-12-11,0.7837435730714044,0
2000-12-18,0.7787953409708239,0
2000-12-25,0.7788074409555458,0
2001-01-01,0.7783551609475747,0
2001-01-08,0.7794296074054543,0
2001-01-15,0.7783574171732436,0
2001-01-22,0.7786172362957875,0
2001-01-29,0.7784203869066418,0
2001-02-05,0.7784667422163567,0
2001-02-12,0.7755252636358546,0
2001-02-19,0.7750550708798453,0
2001-02-26,0.7747822492213873,0
2001-03-05,0.7743820879519983,100
2001-03-12,0.7731601914442386,100
2001-03-19,0.7732445699852191,100
2001-03-26,0.7727869763988608,100
2001-04-02,0.773307678167965,100
2001-04-08,0.7732966164862402,100
2001-04-16,0.7727564162104169,100
2001-04-23,0.7722355272078641,100
2001-04-30,0.7722813633758281,100
2001-05-07,0.7732220222043695,100
2001-05-14,0.7709091758811721,100
2001-05-21,0.7708006079172115,100
2001-05-28,0.7710538582324495,100
2001-06-04,0.7700664565104856,100
2001-06-11,0.7695088978520355,100
2001-06-18,0.7695260166757054,100
2001-06-25,0.7697792622287438,100
2001-07-02,0.7694511312294117,100
2001-07-09,0.7694772389491463,100
2001-07-16,0.7687126761384812,100
2001-07-23,0.7685971102916164,100
2001-07-30,0.768646365092089,100
2001-08-06,0.7688052738805622,100
2001-08-13,0.768247936187978,100
2001-08-20,0.7678236290218885,100
2001-08-27,0.7677649098578876,100
2001-09-03,0.767676739291844,100
2001-09-06,0.7668377714239627,100
2001-09-17,0.773250435639308,100
2001-09-24,0.7728950943971497,100
2001-10-01,0.7725585729332206,100
2001-10-08,0.7726534372242292,100
2001-10-15,0.7718932310326376,100
2001-10-22,0.7719332061250053,100
2001-10-29,0.7718147541319514,100
2001-11-05,0.7715146637038811,0
2001-11-12,0.775380343732418,0
2001-11-19,0.7756220451741747,0
2001-11-26,0.7756066901028323,0
2001-12-03,0.7787257432252164,0
2001-12-10,0.7784467057957618,0
2001-12-17,0.778639778597638,0
2001-12-24,0.7783254672356128,0
2001-12-31,0.7784293607543897,0
2002-01-07,0.7787799312858206,0
2002-01-14,0.7787459940246454,0
2002-01-21,0.7790165436264721,0
2002-01-28,0.7789726798816186,0
2002-02-04,0.7786879378490512,0
2002-02-11,0.7777839467134225,0
2002-02-18,0.7777564442579998,0
2002-02-25,0.778024339674037,0
2002-03-04,0.7793586667213392,0
2002-03-11,0.7795083642630992,0
2002-03-18,0.7788218999980038,0
2002-03-24,0.7789895880502169,0
2002-04-01,0.7794763004488273,0
2002-04-08,0.7792929482120309,0
2002-04-15,0.7789913156699894,0
2002-04-22,0.7791699444612347,0
2002-04-29,0.7794215166236932,0
2002-05-06,0.7795094868046593,0
2002-05-13,0.7798773819415524,0
2002-05-20,0.779437536518963,0
2002-05-27,0.7794289376235193,0
2002-06-03,0.779226921914285,0
2002-06-10,0.7805471238412519,0
2002-06-17,0.7804322764544187,0
2002-06-24,0.7803641153678084,0
2002-07-01,0.779647403529619,0
2002-07-08,0.7803368956528941,0
2002-07-15,0.7798544019929925,0
2002-07-22,0.7787988041832316,0
2002-07-29,0.7784596035825547,0
2002-08-05,0.7781325041539963,0
2002-08-12,0.7773149298965358,0
2002-08-19,0.7774470386570329,0
2002-08-26,0.7775122881249567,0
2002-09-02,0.7779160944857817,0
2002-09-09,0.77799941826165,0
2002-09-16,0.7781028678624943,0
2002-09-23,0.7778078154158691,0
2002-09-30,0.7773831356774157,0
2002-10-07,0.7770384515435915,0
2002-10-14,0.7784269983240538,0
2002-10-21,0.778107214651121,0
2002-10-28,0.7779488070346421,0
2002-11-04,0.7773367527935722,0
2002-11-11,0.7773654056503317,0
2002-11-18,0.7776157101612374,0
2002-11-25,0.7774563850893805,0
2002-12-02,0.777485759416595,0
2002-12-09,0.7774500376398991,0
2002-12-16,0.7771763860221909,0
2002-12-23,0.777178122644474,0
2002-12-30,0.7777971115100452,0
2003-01-06,0.777694241341626,0
2003-01-13,0.7777701769620078,0
2003-01-20,0.777767297164854,0
2003-01-27,0.7778155355645539,0
2003-02-03,0.7776816732520234,0
2003-02-10,0.7777025193863291,0
2003-02-17,0.7779142067294141,0
2003-02-24,0.7788183834935236,0
2003-03-03,0.778686655727691,0
2003-03-10,0.7784230437766507,0
2003-03-17,0.7809999214134877,0
2003-03-24,0.7812313443353424,0
2003-03-31,0.7813925691950191,0
2003-04-07,0.7813790526276684,0
2003-04-13,0.781425943622356,0
2003-04-21,0.7815980921449573,0
2003-04-28,0.7816033957588008,0
2003-05-05,0.7824039510848153,0
2003-05-12,0.7833150900739669,0
2003-05-19,0.7835692427666784,0
2003-05-26,0.7837874704726112,0
2003-06-02,0.7839430421252591,0
2003-06-09,0.7847396959213488,0
2003-06-16,0.7861552912740855,0
2003-06-23,0.7864748761678668,0
2003-06-29,0.7873614686016535,0
2003-07-07,0.787583666972128,0
2003-07-14,0.789321989374417,0
2003-07-21,0.7855882322342098,0
2003-07-28,0.7865881633757394,0
2003-08-04,0.7867970719404124,0
2003-08-11,0.787056405117928,0
2003-08-18,0.7866537852489469,0
2003-08-25,0.7866062738977417,0
2003-09-01,0.7867585575077074,0
2003-09-08,0.7867530413412874,0
2003-09-15,0.7868515096436829,0
2003-09-22,0.7872887142339193,0
2003-09-29,0.7880816979659785,0
2003-10-06,0.7872336207793935,0
2003-10-13,0.787275872268126,0
2003-10-20,0.7872132972978714,0
2003-10-27,0.7868773622157234,0
2003-11-03,0.787472554868873,0
2003-11-10,0.7887229976389007,0
2003-11-17,0.7879786518051728,0
2003-11-24,0.788551527468386,0
2003-12-01,0.7887018201433733,0
2003-12-08,0.7883737563756149,0
2003-12-15,0.7887239142263586,0
2003-12-22,0.7887386690265863,0
2003-12-29,0.7897203700270856,0
2004-01-05,0.7908212273510157,0
2004-01-12,0.7919804113520841,0
2004-01-19,0.7930458496280515,0
2004-01-26,0.7935374181792008,0
2004-02-02,0.7939244782490971,0
2004-02-09,0.794272404583994,0
2004-02-16,0.7940791040773224,0
2004-02-23,0.7944139630045042,0
2004-03-01,0.7945506171256203,0
2004-03-08,0.7946793105350908,0
2004-03-15,0.7939910768656028,0
2004-03-22,0.7939324090948637,0
2004-03-29,0.7951948284667125,0
2004-04-04,0.7951294067968032,0
2004-04-12,0.7952251371790346,0
2004-04-19,0.7953334660385856,0
2004-04-26,0.7950177862906516,0
2004-05-03,0.7953136935023694,0
2004-05-10,0.7953622138417181,0
2004-05-17,0.795538356002075,0
2004-05-24,0.7959714085562943,0
2004-05-31,0.7958273732055107,0
2004-06-06,0.7959207236683414,0
2004-06-14,0.7959570227331274,0
2004-06-21,0.7960602126090206,0
2004-06-28,0.7966233190679125,0
2004-07-05,0.7964615619927438,0
2004-07-12,0.7964498480700121,0
2004-07-19,0.7965661077046603,0
2004-07-26,0.7969240201734169,0
2004-08-02,0.7979333688195382,0
2004-08-09,0.7976523918553057,0
2004-08-16,0.7975737897320135,0
2004-08-23,0.7978164539169981,0
2004-08-30,0.7976566260472816,0
2004-09-06,0.7980449256025594,0
2004-09-13,0.7982440939435246,0
2004-09-20,0.798401758465047,0
2004-09-27,0.7990825954499808,0
2004-10-04,0.7989639703974319,0
2004-10-11,0.7992968484094314,0
2004-10-18,0.800148625772003,0
2004-10-25,0.800137596266055,0
2004-11-01,0.8009396158567944,0
2004-11-08,0.8011380176408044,0
2004-11-15,0.8016654900142232,0
2004-11-22,0.8020576797737664,0
2004-11-29,0.8021479191058044,0
2004-12-06,0.8025762795464361,0
2004-12-13,0.8032167829016011,0
2004-12-19,0.8035279077431395,0
2004-12-27,0.8046674877258498,0
2005-01-03,0.8047596078902405,0
2005-01-10,0.804613124355585,0
2005-01-17,0.804604090685191,0
2005-01-24,0.8057250104469892,0
2005-01-31,0.8063437295888574,0
2005-02-07,0.8059382061221618,0
2005-02-14,0.8060120896912844,0
2005-02-21,0.8063666251758167,0
2005-02-28,0.806332959639135,0
2005-03-07,0.807345953646541,0
2005-03-14,0.8078372533469721,0
2005-03-20,0.808297865720679,0
2005-03-28,0.8090063073442015,0
2005-04-04,0.8087427154001494,0
2005-04-11,0.8094309082594309,0
2005-04-18,0.8096782429902935,0
2005-04-25,0.8100260216739738,0
2005-05-02,0.8101528164153252,0
2005-05-09,0.8105058136844253,0
2005-05-16,0.8106448052268076,0
2005-05-23,0.811392037331645,0
2005-05-30,0.8117466908185836,0
2005-06-06,0.8118196168000981,0
2005-06-13,0.8121323883402755,0
2005-06-20,0.8129178308853208,0
2005-06-27,0.8132534789574775,0
2005-07-04,0.8137914851584005,0
2005-07-11,0.8141844310889095,0
2005-07-18,0.8144901747294636,0
2005-07-25,0.814981430607556,0
2005-08-01,0.8149032492215585,0
2005-08-08,0.8156732114506215,0
2005-08-15,0.8156868379072559,0
2005-08-22,0.8161661016086738,0
2005-08-29,0.8162691031787773,0
2005-09-05,0.8163913661485793,0
2005-09-12,0.8173945826187908,0
2005-09-19,0.817615638179661,0
2005-09-26,0.8177946168624645,0
2005-10-03,0.8187764828678515,0
2005-10-10,0.8189466283470626,0
2005-10-17,0.8206696719117461,0
2005-10-24,0.8207320126761979,0
2005-10-31,0.8211899992305425,0
2005-11-07,0.8212895145139065,0
2005-11-14,0.8216090092238291,0
2005-11-21,0.8218643128865989,0
2005-11-28,0.8220643003933565,0
2005-12-05,0.8221287648492145,0
2005-12-12,0.8225608994783631,0
2005-12-19,0.8232552564698485,0
2005-12-26,0.8234402169641549,0
2006-01-02,0.8236809999102126,0
2006-01-09,0.8242245525686835,0
2006-01-16,0.8243136138228109,0
2006-01-23,0.8240702001593228,0
2006-01-30,0.8238400088997168,0
2006-02-06,0.8237374066522152,0
2006-02-13,0.8238243653215612,0
2006-02-20,0.8233715866441337,0
2006-02-27,0.8242321945721662,0
2006-03-06,0.8245339215562342,0
2006-03-13,0.8244179520341102,0
2006-03-20,0.8245696231924957,0
2006-03-27,0.8252080005659083,0
2006-04-03,0.8255319964370352,0
2006-04-09,0.8254749597254891,0
2006-04-17,0.8256138233280358,0
2006-04-24,0.8256361552745638,0
2006-05-01,0.8257870841146373,0
2006-05-08,0.8259465527106699,0
2006-05-15,0.8261865536798367,0
2006-05-22,0.8261542282726699,0
2006-05-29,0.8262226563419609,0
2006-06-05,0.8262448721292341,0
2006-06-12,0.8267079197548545,0
2006-06-19,0.826897845135519,0
2006-06-26,0.8281543430311021,0
2006-07-03,0.8278921168371529,0
2006-07-10,0.8291483058495498,0
2006-07-17,0.8295639745412157,0
2006-07-24,0.8293508563196568,0
2006-07-31,0.8297655675819503,0
2006-08-07,0.8302614856621041,0
2006-08-14,0.8308101398295149,0
2006-08-21,0.8314373125721082,0
2006-08-28,0.8276139259589939,0
2006-09-04,0.8274184404363734,0
2006-09-11,0.8275208218787645,0
2006-09-18,0.8249222155414675,0
2006-09-25,0.825022498734906,0
2006-10-02,0.8251545324376621,0
2006-10-09,0.8252487811573892,0
2006-10-16,0.8253911322110107,0
2006-10-23,0.8249169627002295,0
2006-10-30,0.8250538324149869,0
2006-11-06,0.8252413919826316,0
2006-11-13,0.8253031137465809,0
2006-11-20,0.8253254895097906,0
2006-11-27,0.8254162982938409,0
2006-12-04,0.8259469565139848,0
2006-12-11,0.8257481314886677,0
2006-12-18,0.8242681033237321,0
2006-12-25,0.8246454046217264,0
2007-01-01,0.8246687786814432,0
2007-01-08,0.8250391962391054,0
2007-01-15,0.8245438724791839,0
2007-01-22,0.8253180034042379,0
2007-01-29,0.8257252101468442,0
2007-02-05,0.8255476108883165,0
2007-02-12,0.8261427004648156,0
2007-02-19,0.8262124664871777,0
2007-02-26,0.8264519543480578,0
2007-03-05,0.8266496681044649,0
2007-03-12,0.8264972479202392,0
2007-03-19,0.826723532598944,0
2007-03-26,0.8255114729921809,0
2007-04-01,0.826367869282905,0
2007-04-09,0.8266554693430461,0
2007-04-16,0.8271449498505344,0
2007-04-23,0.8264657478619086,0
2007-04-30,0.8272642538731582,0
2007-05-07,0.8298190301552743,0
2007-05-14,0.8311030423581373,0
2007-05-21,0.8314167941344893,0
2007-05-28,0.8326371591916123,0
2007-06-04,0.8330873528933674,0
2007-06-11,0.833247112661532,0
2007-06-18,0.8329924500937743,0
2007-06-25,0.8333448075937367,0
2007-07-02,0.8339327776532277,0
2007-07-09,0.8344558489005083,0
2007-07-16,0.8355358045614192,0
2007-07-23,0.8365723209474697,0
2007-07-30,0.8355353620522875,0
2007-08-06,0.8367373348174443,0
2007-08-13,0.834854358579295,0
2007-08-20,0.8363590841364932,0
2007-08-27,0.835536504408852,0
2007-09-03,0.8356654231444346,0
2007-09-10,0.8358305316915876,0
2007-09-17,0.8369860092188744,0
2007-09-24,0.8371887289861475,0
2007-10-01,0.837122889860297,0
2007-10-08,0.8369170183699506,0
2007-10-15,0.8363636353150128,0
2007-10-22,0.8364279968319704,0
2007-10-29,0.8361662587598672,0
2007-11-05,0.8359179432546384,0
2007-11-12,0.835978848311846,0
2007-11-19,0.8361787110706245,0
2007-11-26,0.8357997559932586,0
2007-12-03,0.8364819166069531,100
2007-12-10,0.8362539122684272,100
2007-12-17,0.8367610641345979,100
2007-12-24,0.8378179325456161,100
2007-12-31,0.8362409670920393,100
2008-01-07,0.8357042220932546,100
2008-01-14,0.8354359383459687,100
2008-01-21,0.83448028630813,100
2008-01-28,0.8345363923345748,100
2008-02-04,0.8339872766653295,100
2008-02-11,0.8343276397858476,100
2008-02-18,0.8334530905803988,100
2008-02-25,0.8324165255490099,100
2008-03-03,0.8329616220460165,100
2008-03-10,0.8326072043149746,100
2008-03-16,0.8310859029785541,100
2008-03-24,0.8310659234882419,100
2008-03-31,0.8297300135179321,100
2008-04-07,0.8293207987662193,100
2008-04-14,0.8295209236417534,100
2008-04-21,0.8298264339667659,100
2008-04-28,0.8279731900456846,100
2008-05-05,0.8275842951008798,100
2008-05-12,0.8270345434578857,100
2008-05-19,0.826822253186143,100
2008-05-26,0.8265563424746364,100
2008-06-02,0.8268659638140786,100
2008-06-09,0.8272466797781023,100
2008-06-16,0.8272270623723795,100
2008-06-23,0.827487385765688,100
2008-06-29,0.8270515784798682,100
2008-07-07,0.8263781052141029,100
2008-07-14,0.8256608507194942,100
2008-07-21,0.8254630897047605,100
2008-07-28,0.8253980093165217,100
2008-08-04,0.8243183189385859,100
2008-08-11,0.8245622555290677,100
2008-08-18,0.8242663797157638,100
2008-08-25,0.8234951116233611,100
2008-09-01,0.8231149830051017,100
2008-09-08,0.822509196074336,100
2008-09-15,0.8240436350370827,100
2008-09-22,0.8236393385893686,100
2008-09-29,0.8224237994921539,100
2008-10-06,0.8200452003045726,100
2008-10-13,0.8189956731533982,100
2008-10-20,0.8186147335983617,100
2008-10-27,0.8209966737947815,100
2008-11-03,0.820960575947974,100
2008-11-10,0.8205168196582323,100
2008-11-17,0.8218215856858264,100
2008-11-24,0.8203019076046784,100
2008-12-01,0.820528855844077,100
2008-12-08,0.8198562733055362,100
2008-12-15,0.8214753048812113,100
2008-12-22,0.8209069782858567,100
2008-12-29,0.8210642742303955,100
2009-01-05,0.8198326221009392,100
2009-01-12,0.8182784944528165,100
2009-01-19,0.8192479858921025,100
2009-01-26,0.8191732369147567,100
2009-02-02,0.8191068333774064,100
2009-02-09,0.8191524000334878,100
2009-02-16,0.8186236999972165,100
2009-02-23,0.8184786437425866,100
2009-03-02,0.8181700378101022,100
2009-03-09,0.8168559752397105,100
2009-03-16,0.8164923647211084,100
2009-03-23,0.8160172679158713,100
2009-03-30,0.815945213592376,100
2009-04-05,0.8158712567885194,100
2009-04-13,0.8154840240915581,100
2009-04-20,0.8154853318083111,100
2009-04-27,0.8156357275204028,100
2009-05-04,0.8151758335367018,100
2009-05-11,0.8154123302274047,100
2009-05-18,0.816045240432455,100
2009-05-25,0.8157754488221719,100
2009-06-01,0.8169321221394243,100
2009-06-08,0.8168761917748277,0
2009-06-15,0.8167383447207162,0
2009-06-22,0.8172487962841796,0
2009-06-28,0.8171010794491481,0
2009-07-06,0.8174056997932496,0
2009-07-13,0.8185546250782417,0
2009-07-20,0.8184288820009334,0
2009-07-27,0.8184687480032767,0
2009-08-03,0.8197604504969124,0
2009-08-10,0.8205434401281544,0
2009-08-17,0.8203016078188603,0
2009-08-24,0.8204048629816659,0
2009-08-31,0.8203046333154025,0
2009-09-07,0.8203885608054009,0
2009-09-14,0.8206349090459566,0
2009-09-21,0.8207003307190193,0
2009-09-28,0.8207242825005148,0
2009-10-05,0.821179721932932,0
2009-10-12,0.8211400325940496,0
2009-10-19,0.821408100617534,0
2009-10-26,0.8214466767985633,0
2009-11-02,0.821421533643723,0
2009-11-09,0.8213615240702815,0
2009-11-16,0.8214095055003798,0
2009-11-23,0.8215495160558703,0
2009-11-30,0.821629500931198,0
2009-12-07,0.8216486974562337,0
2009-12-14,0.8215907045325588,0
2009-12-20,0.8219776045845768,0
2009-12-27,0.8218481880263963,0
2010-01-04,0.8217611796925082,0
2010-01-11,0.8219017814392499,0
2010-01-18,0.8219829863240484,0
2010-01-25,0.8215098663468638,0
2010-02-01,0.8214683716686413,0
2010-02-08,0.8216501389419897,0
2010-02-15,0.8215679720792279,0
2010-02-22,0.8217531007785799,0
2010-03-01,0.8218113495405326,0
2010-03-08,0.8217866776212115,0
2010-03-15,0.8216376226332374,0
2010-03-22,0.8220010941219233,0
2010-03-28,0.822077786417616,0
2010-04-05,0.8217377635034685,0
2010-04-12,0.8217945225449862,0
2010-04-19,0.821694004782142,0
2010-04-26,0.8220356099792738,0
2010-05-03,0.8226548365182204,0
2010-05-10,0.8224899060740002,0
2010-05-17,0.8230725731847021,0
2010-05-24,0.8229137993219819,0
2010-05-31,0.8229313040576645,0
2010-06-07,0.8229127721124584,0
2010-06-14,0.8229817151791942,0
2010-06-21,0.8229345004932263,0
2010-06-28,0.8229865803403322,0
2010-07-05,0.8231193845284115,0
2010-07-12,0.8232966866758781,0
2010-07-19,0.823404644640164,0
2010-07-26,0.8235640099230941,0
2010-08-02,0.8234006658556662,0
2010-08-09,0.8233937489038299,0
2010-08-16,0.8233663094172133,0
2010-08-23,0.8232875926026052,0
2010-08-30,0.8232832068085864,0
2010-09-06,0.8233604986965076,0
2010-09-13,0.8232002047556086,0
2010-09-20,0.8232788682576038,0
2010-09-27,0.8232767810589526,0
2010-10-04,0.8231898559712187,0
2010-10-11,0.8234603987110649,0
2010-10-18,0.8234270380862901,0
2010-10-25,0.8234646244907095,0
2010-11-01,0.8233091081444757,0
2010-11-08,0.8235443503463485,0
2010-11-15,0.8234122452184949,0
2010-11-22,0.8234991133194984,0
2010-11-29,0.823722997945503,0
2010-12-06,0.8242009723600449,0
2010-12-13,0.8241141979113585,0
2010-12-19,0.8242929053042273,0
2010-12-27,0.8243678965698787,0
2011-01-03,0.8243042644473294,0
2011-01-10,0.8239465271356132,0
2011-01-17,0.8238105852519813,0
2011-01-24,0.823755629931945,0
2011-01-31,0.8244756718540239,0
2011-02-07,0.8244349684668433,0
2011-02-14,0.8244035664305093,0
2011-02-21,0.8248431433148385,0
2011-02-28,0.82466081689239,0
2011-03-07,0.8246686119611245,0
2011-03-14,0.8246409225939882,0
2011-03-21,0.8249346229930623,0
2011-03-28,0.8247163928819922,0
2011-04-04,0.8249622848368005,0
2011-04-11,0.8252978194604612,0
2011-04-17,0.8253182173733858,0
2011-04-25,0.8253334817385501,0
2011-05-02,0.8255504553398171,0
2011-05-09,0.8255642125700903,0
2011-05-16,0.8254692868696598,0
2011-05-23,0.8254890689179449,0
2011-05-30,0.8254946292977773,0
2011-06-06,0.8254691172721671,0
2011-06-13,0.8255032513551855,0
2011-06-20,0.8253372259687755,0
2011-06-27,0.8262307853587131,0
2011-07-04,0.82600946966198,0
2011-07-11,0.8260595671773967,0
2011-07-18,0.8260604556345833,0
2011-07-25,0.826368197050745,0
2011-08-01,0.8267136294369553,0
2011-08-08,0.826872397071913,0
2011-08-15,0.8271425050511904,0
2011-08-22,0.827138679316075,0
2011-08-29,0.8273707955255717,0
2011-09-05,0.8273512685708366,0
2011-09-12,0.8274632799839028,0
2011-09-19,0.8277220807385658,0
2011-09-26,0.8274002809403371,0
2011-10-03,0.8274833233888479,0
2011-10-10,0.8276586932895506,0
2011-10-17,0.827576118253784,0
2011-10-24,0.8274216241676151,0
2011-10-31,0.8282158186822536,0
2011-11-07,0.8280996796757943,0
2011-11-14,0.8280929958711084,0
2011-11-21,0.8280709597190077,0
2011-11-28,0.8279977714803183,0
2011-12-05,0.8279724857045743,0
2011-12-12,0.8282449362481364,0
2011-12-19,0.8285024091351287,0
2011-12-26,0.8287011487440389,0
2012-01-02,0.8286563468728665,0
2012-01-09,0.8286299371873823,0
2012-01-16,0.828771167271798,0
2012-01-23,0.828825008972989,0
2012-01-30,0.8288375283538719,0
2012-02-06,0.8287851125633882,0
2012-02-13,0.8287863519966875,0
2012-02-20,0.8287496269462533,0
2012-02-27,0.8285272195376752,0
2012-03-05,0.8285871215933075,0
2012-03-12,0.8290874913824798,0
2012-03-19,0.8290491713024235,0
2012-03-26,0.8289089238024901,0
2012-04-01,0.8291590040878,0
2012-04-09,0.8290369831563517,0
2012-04-16,0.8289036749778911,0
2012-04-23,0.8288176679356046,0
2012-04-30,0.8286513905950859,0
2012-05-07,0.8285668724713171,0
2012-05-14,0.8286539683405507,0
2012-05-21,0.8282829664547994,0
2012-05-28,0.8295224838283916,0
2012-06-04,0.8298173131147057,0
2012-06-11,0.8299588690341904,0
2012-06-18,0.8299356801756004,0
2012-06-25,0.829873070943136,0
2012-07-02,0.8292687079923117,0
2012-07-09,0.829318474549871,0
2012-07-16,0.8293424131585051,0
2012-07-23,0.8294307202757596,0
2012-07-30,0.8295553656011572,0
2012-08-06,0.8297391455333818,0
2012-08-13,0.8301853620640215,0
2012-08-20,0.8307464631641642,0
2012-08-27,0.8309869773974294,0
2012-09-03,0.8313931977783595,0
2012-09-10,0.8320514230653775,0
2012-09-17,0.8318243054031422,0
2012-09-24,0.8317331484948309,0
2012-10-01,0.8318245817718081,0
2012-10-08,0.8317070574087956,0
2012-10-15,0.8315604577562313,0
2012-10-22,0.83185321440664,0
2012-10-29,0.8319798451851445,0
2012-11-05,0.8327458418753038,0
2012-11-12,0.8328258103829113,0
2012-11-19,0.8331335207767506,0
2012-11-26,0.8329567603519289,0
2012-12-03,0.8331131687984202,0
2012-12-10,0.8336019335329606,0
2012-12-17,0.8337091258672777,0
2012-12-24,0.8339807975906404,0
2012-12-31,0.8357786048036946,0
2013-01-07,0.8383242453617269,0
2013-01-14,0.8384054666599721,0
2013-01-21,0.838633291491895,0
2013-01-28,0.8386475574655539,0
2013-02-04,0.8386574972691173,0
2013-02-11,0.8389206440134905,0
2013-02-18,0.839197317119214,0
2013-02-25,0.8394489674471373,0
2013-03-04,0.839938153996691,0
2013-03-11,0.8397522961601467,0
2013-03-18,0.8398475022283322,0
2013-03-24,0.840232903370582,0
2013-04-01,0.8404808239781054,0
2013-04-08,0.8405171601408402,0
2013-04-15,0.8407284047579896,0
2013-04-22,0.8411047084055672,0
2013-04-29,0.8413718266098154,0
2013-05-06,0.8420358483144044,0
2013-05-13,0.8420785746713836,0
2013-05-20,0.8424737890726768,0
2013-05-27,0.8424381936903947,0
2013-06-03,0.8425280356640549,0
2013-06-10,0.8426611167478756,0
2013-06-17,0.8435609639736994,0
2013-06-24,0.8437383074614577,0
2013-07-01,0.8451795031429438,0
2013-07-08,0.8454090026745084,0
2013-07-15,0.846891645432535,0
2013-07-22,0.8484932221741972,0
2013-07-29,0.8517148241417233,0
2013-08-05,0.8514999700128858,0
2013-08-12,0.8524021589452371,0
2013-08-19,0.8528634059345316,0
2013-08-26,0.8537746841569941,0
2013-09-02,0.8519329682888322,0
2013-09-09,0.852734410484651,0
2013-09-16,0.8528180017869024,0
2013-09-23,0.853665667651582,0
2013-09-30,0.8521698706655493,0
2013-10-07,0.8525622769785154,0
2013-10-14,0.8524692324641272,0
2013-10-21,0.8534924926214786,0
2013-10-28,0.8538376399796271,0
2013-11-04,0.8535474566962236,0
2013-11-11,0.8537465042605037,0
2013-11-18,0.8538743316578864,0
2013-11-25,0.8539333222892991,0
2013-12-02,0.8541040291810649,0
2013-12-09,0.8546011640310541,0
2013-12-16,0.8547256147415992,0
2013-12-23,0.8566127926143543,0
2013-12-30,0.8570090857310282,0
2014-01-06,0.8579067463082732,0
2014-01-13,0.8581930551466502,0
2014-01-20,0.8586056212181966,0
2014-01-27,0.8587083575639002,0
2014-02-03,0.8586938580419516,0
2014-02-10,0.8585384387230431,0
2014-02-17,0.8595808043116598,0
2014-02-24,0.8596953886377183,0
2014-03-03,0.8589299430771227,0
2014-03-10,0.8595916258800018,0
2014-03-17,0.8590416552362583,0
2014-03-24,0.8589614235715207,0
2014-03-31,0.8592384032024734,0
2014-04-07,0.8586991605291634,0
2014-04-13,0.8588721358751966,0
2014-04-21,0.8585804812297938,0
2014-04-28,0.8571019587469029,0
2014-05-05,0.8573288897763723,0
2014-05-12,0.857443750650471,0
2014-05-19,0.8563765140983243,0
2014-05-26,0.8557893699348664,0
2014-06-02,0.856099945700979,0
2014-06-09,0.856041500975152,0
2014-06-16,0.8561968889358358,0
2014-06-23,0.8563041294027217,0
2014-06-29,0.8565381107391973,0
2014-07-07,0.8564314904757689,0
2014-07-14,0.8564310390299832,0
2014-07-21,0.8559264519478686,0
2014-07-28,0.8558840546711269,0
2014-08-04,0.8559184370300422,0
2014-08-11,0.8559663569154784,0
2014-08-18,0.8558931596300183,0
2014-08-25,0.8559541055298774,0
2014-09-01,0.85625270693574,0
2014-09-08,0.8562613526981532,0
2014-09-15,0.8558031810271128,0
2014-09-22,0.8559550012737467,0
2014-09-29,0.8561210847654552,0
2014-10-06,0.8553084135936767,0
2014-10-13,0.8552832041872634,0
2014-10-20,0.8552228347024505,0
2014-10-27,0.8548432220955087,0
2014-11-03,0.8548245315215104,0
2014-11-10,0.854809346468858,0
2014-11-17,0.8546913800780199,0
2014-11-24,0.8542012667040708,0
2014-12-01,0.8542256928963342,0
2014-12-08,0.8546690237452234,0
2014-12-15,0.8543847870580975,0
2014-12-22,0.8543549224506534,0
2014-12-29,0.8545056059715481,0
2015-01-05,0.8543943107612798,0
2015-01-12,0.8541534940437199,0
2015-01-19,0.8540362355035236,0
2015-01-26,0.8541530621402587,0
2015-02-02,0.8555067503177795,0
2015-02-09,0.8552869800745307,0
2015-02-16,0.8549138629046718,0
2015-02-23,0.8551395085081682,0
2015-03-02,0.8551096177168356,0
2015-03-09,0.8552305244223058,0
2015-03-16,0.8552665665480068,0
2015-03-23,0.8553526604507963,0
2015-03-29,0.8553498478946567,0
2015-04-06,0.8553747383508363,0
2015-04-13,0.8551248228385118,0
2015-04-20,0.8551053796701755,0
2015-04-27,0.8553524458148215,0
2015-05-04,0.8554741307749307,0
2015-05-11,0.8554250492513316,0
2015-05-18,0.8554777088406879,0
2015-05-25,0.8553744702341222,0
2015-06-01,0.8561793386864851,0
2015-06-08,0.8562404072396049,0
2015-06-15,0.8562956307265105,0
2015-06-22,0.8565784521789804,0
2015-06-28,0.856778331259636,0
2015-07-06,0.856525109198145,0
2015-07-13,0.8562900247208685,0
2015-07-20,0.8564557413115292,0
2015-07-27,0.8562109081440351,0
2015-08-03,0.8562101019804055,0
2015-08-10,0.8560182211001002,0
2015-08-17,0.8566536733558738,0
2015-08-24,0.8563130151688573,0
2015-08-31,0.8562990026286216,0
2015-09-07,0.8564513538842803,0
2015-09-14,0.8562283170758442,0
2015-09-21,0.8553711197534852,0
2015-09-28,0.8555594830476725,0
2015-10-05,0.8555070303890788,0
2015-10-12,0.8553402229742483,0
2015-10-19,0.8553182778030377,0
2015-10-26,0.8550479048807316,0
2015-11-02,0.855407865310624,0
2015-11-09,0.8552604228794033,0
2015-11-16,0.8542859183878246,0
2015-11-23,0.8543540662703487,0
2015-11-30,0.8541005418663291,0
2015-12-07,0.8538273101876172,0
2015-12-14,0.853630365153574,0
2015-12-20,0.8536798740900434,0
2015-12-27,0.8537744313515907,0
2016-01-04,0.853730309138741,0
2016-01-11,0.8538373506803135,0
2016-01-18,0.8533803652722584,0
2016-01-25,0.852869614972325,0
2016-02-01,0.8522386200847879,0
2016-02-08,0.8520084118155362,0
2016-02-15,0.851855943935689,0
2016-02-22,0.8519801515384858,0
2016-02-29,0.8515453609355423,0
2016-03-07,0.8515454800420892,0
2016-03-14,0.8515022223081572,0
2016-03-20,0.8515019035509684,0
2016-03-28,0.8513516717086222,0
2016-04-04,0.851388329381968,0
2016-04-11,0.8503955140177399,0
2016-04-18,0.8503113598890001,0
2016-04-25,0.8502243273897541,0
2016-05-02,0.8502144293239042,0
2016-05-09,0.8498918354463599,0
2016-05-16,0.8493700687850329,0
2016-05-23,0.8493388762196965,0
2016-05-30,0.8488360396879702,0
2016-06-06,0.8486471059814161,0
2016-06-13,0.8481245166632568,0
2016-06-20,0.8479203888566131,0
2016-06-27,0.8480221231967032,0
2016-07-04,0.8470036831906218,0
2016-07-11,0.8478847341439368,0
2016-07-18,0.8479878983801479,0
2016-07-25,0.8475287925134323,0
2016-08-01,0.8481174731276842,0
2016-08-08,0.8483956124851171,0
2016-08-15,0.8470450364541291,0
2016-08-22,0.847115516276762,0
2016-08-29,0.8470626716716719,0
2016-09-05,0.8468378540749318,0
2016-09-12,0.8466424882568253,0
2016-09-19,0.8462847420188555,0
2016-09-26,0.8450124256050416,0
2016-10-03,0.8444497534139999,0
2016-10-10,0.8441008343976193,0
2016-10-17,0.8442256253078463,0
2016-10-24,0.8444046673894685,0
2016-10-31,0.8438233866387104,0
2016-11-07,0.845695342066971,0
2016-11-14,0.8458752356727165,0
2016-11-21,0.8458229930381356,0
2016-11-28,0.8456525873288677,0
2016-12-05,0.8455358369407329,0
2016-12-12,0.8455726273199927,0
2016-12-19,0.8456389784485782,0
2016-12-26,0.8444834758918632,0
2017-01-02,0.8444288289670203,0
2017-01-09,0.8444514971080603,0
2017-01-16,0.8440149301146475,0
2017-01-23,0.8438089099129809,0
2017-01-30,0.84381616693139,0
2017-02-06,0.8440268521363061,0
2017-02-13,0.8439586074038137,0
2017-02-20,0.8441314602509811,0
2017-02-27,0.8432510517356959,0
2017-03-06,0.8433329570694266,0
2017-03-13,0.8416368055421163,0
2017-03-20,0.8411805887734193,0
2017-03-27,0.8410787428872031,0
2017-04-03,0.8409537261613139,0
2017-04-09,0.8415022578926855,0
2017-04-17,0.8411979454467156,0
2017-04-24,0.8411946893971735,0
2017-05-01,0.841239527166544,0
2017-05-08,0.8411681121483456,0
2017-05-15,0.8413391263778609,0
2017-05-22,0.841086079841262,0
2017-05-29,0.8406378548213214,0
2017-06-05,0.8400975306715083,0
2017-06-12,0.8397800789467493,0
2017-06-19,0.8391145752200188,0
2017-06-26,0.838149366592651,0
2017-07-03,0.8380052484007305,0
2017-07-10,0.8377090856427485,0
2017-07-17,0.8375771825685479,0
2017-07-24,0.8374065735707718,0
2017-07-31,0.8372476754752063,0
2017-08-07,0.8372669054424781,0
2017-08-14,0.8372464645982294,0
2017-08-21,0.8370590695548619,0
2017-08-28,0.8371041745331527,0
2017-09-04,0.8371366860760088,0
2017-09-11,0.8374948100520715,0
2017-09-18,0.8374354313323213,0
2017-09-25,0.8374716690131987,0
2017-10-02,0.8374933979190481,0
2017-10-09,0.837835192127129,0
2017-10-16,0.8374373532393676,0
2017-10-23,0.8372917225780768,0
2017-10-30,0.8374095818759717,0
2017-11-06,0.8369610008526344,0
2017-11-13,0.8369155030855873,0
2017-11-20,0.8368791073909493,0
2017-11-27,0.8365562866796885,0
2017-12-04,0.836653919010338,0
2017-12-11,0.8364095990109607,0
2017-12-18,0.8356128554774656,0
2017-12-25,0.8358237907562204,0
2018-01-01,0.8357414896540261,0
2018-01-08,0.8356520874326261,0
2018-01-15,0.835428870537514,0
2018-01-22,0.8353104414638695,0
2018-01-29,0.8357447337629778,0
2018-02-05,0.8353917113084882,0
2018-02-12,0.8351183934217314,0
2018-02-19,0.8345459155692828,0
2018-02-26,0.8344374147549042,0
2018-03-05,0.8345230044611559,0
2018-03-12,0.8343708884877152,0
2018-03-19,0.8342372106569156,0
2018-03-25,0.8342396033273224,0
2018-04-02,0.8313548543261854,0
2018-04-09,0.8312457954381641,0
2018-04-16,0.8299612172446015,0
2018-04-23,0.8295943601039656,0
2018-04-30,0.8292608575706575,0
2018-05-07,0.8290872345734253,0
2018-05-14,0.8291579542664403,0
2018-05-21,0.8296311144271251,0
2018-05-28,0.8282517593727636,0
2018-06-04,0.8281162013804648,0
2018-06-11,0.8279974795947426,0
2018-06-18,0.827075840418717,0
2018-06-25,0.8270772671190523,0
2018-07-02,0.8267403452525601,0
2018-07-09,0.8265065057941324,0
2018-07-16,0.8266940059620863,0
2018-07-23,0.8267370985648596,0
2018-07-30,0.8263848674692786,0
2018-08-06,0.8265680466994129,0
2018-08-13,0.8260980760932284,0
2018-08-20,0.8257288398930118,0
2018-08-27,0.8260200775769417,0
2018-09-03,0.8261240413875074,0
2018-09-10,0.8262325109062395,0
2018-09-17,0.8261203047910084,0
2018-09-24,0.8258571330550638,0
2018-10-01,0.8265093535836519,0
2018-10-08,0.8263721416221699,0
2018-10-15,0.8260304818236981,0
2018-10-22,0.8258929191294385,0
2018-10-29,0.8263512930064507,0
2018-11-05,0.8257918940349523,0
2018-11-12,0.826036750408016,0
2018-11-19,0.8260864514677759,0
2018-11-26,0.8258887741152664,0
2018-12-03,0.8269584006551329,0
2018-12-10,0.8266000823817546,0
2018-12-17,0.8258446183535253,0
2018-12-24,0.825113547224196,0
2018-12-31,0.8251812846111475,0
2019-01-07,0.8254159686996198,0
2019-01-14,0.825666221692271,0
2019-01-21,0.82556944938401,0
2019-01-28,0.8253542030153443,0
2019-02-04,0.8253184580547758,0
2019-02-11,0.8252273719131942,0
2019-02-18,0.825111649949398,0
2019-02-25,0.8251614232567178,0
2019-03-04,0.8256718415693635,0
2019-03-11,0.8255862421248973,0
2019-03-18,0.8254815571747615,0
2019-03-25,0.8254156047854742,0
2019-04-01,0.8255975376566792,0
2019-04-08,0.8254709775441382,0
2019-04-15,0.8248707451528804,0
2019-04-22,0.8243497339342883,0
2019-04-29,0.8244220899293809,0
2019-05-06,0.8245673478476838,0
2019-05-13,0.82449023998061,0
2019-05-20,0.8245016701426036,0
2019-05-27,0.825153208226456,0
2019-06-03,0.8245864426602659,0
2019-06-10,0.8245037972011577,0
2019-06-17,0.8238005381981145,0
2019-06-24,0.82332529430284,0
2019-07-01,0.8230687196529013,0
2019-07-08,0.8231714964847001,0
2019-07-15,0.8229333706924538,0
2019-07-22,0.822418202710753,0
2019-07-29,0.8235959223291003,0
2019-08-05,0.823936304112771,0
2019-08-12,0.8244800462969674,0
2019-08-19,0.8243314809006331,0
2019-08-26,0.8244265366254763,0
2019-09-02,0.8249097380263011,0
2019-09-09,0.8285466534779073,0
