Dates,Raw Turbulence,Turbulence,Recession
date,number,number,number
1996-10-28,3.5523293598114623,3.5523293598114623,0
1996-11-04,4.9246718047622196,3.6293530227704087,0
1996-11-11,3.340145412701641,3.6131210468776143,0
1996-11-18,4.113584085732541,3.641209878910755,0
1996-11-25,2.50493774093172,3.5774358241860402,0
1996-12-02,4.9325680858811,3.6534935537808866,0
1996-12-09,4.031034455116,3.6746832963590927,0
1996-12-16,5.6500159335364835,3.785550198302957,0
1996-12-23,2.3974941731882558,3.7076445998570775,0
1996-12-30,4.401196050294522,3.746570651703488,0
1997-01-06,7.33740316284034,3.948108594435964,0
1997-01-13,4.582437936886845,3.983710764767189,0
1997-01-20,4.17851634429473,3.994644361811613,0
1997-01-27,4.515416203832511,4.023873039381057,0
1997-02-03,4.408653145052939,4.045469087278302,0
1997-02-10,4.928000989698706,4.09500179688198,0
1997-02-17,4.2881392136719745,4.105841767146201,0
1997-02-24,4.160337491382939,4.108900377124897,0
1997-03-03,4.520264534274419,4.131988473183029,0
1997-03-10,4.142116051397461,4.132556890471184,0
1997-03-17,5.516339194453033,4.210222623381075,0
1997-03-24,5.6238215456899985,4.28956183448808,0
1997-03-31,4.816338089470208,4.319127513861916,0
1997-04-07,4.782000840063526,4.345106597436292,0
1997-04-14,5.80402907013871,4.426989623960838,0
1997-04-21,3.923370058898099,4.398723629724746,0
1997-04-28,5.620980413242535,4.467323631779144,0
1997-05-05,5.19768389474713,4.508315603528201,0
1997-05-12,4.246235139472788,4.493606157350391,0
1997-05-19,4.462912929763997,4.491883478856088,0
1997-05-26,4.7536217967660255,4.506573721846321,0
1997-06-02,4.921271921989967,4.529848943359048,0
1997-06-09,4.739382810312255,4.54160917565826,0
1997-06-16,5.130834640949158,4.57467985988316,0
1997-06-23,4.3435431970046,4.561707155814641,0
1997-06-30,5.705467524179547,4.625901492616561,0
1997-07-07,5.161460589920973,4.655960115052343,0
1997-07-14,5.880263029171476,4.724674957593084,0
1997-07-21,4.747556224520914,4.725959184426122,0
1997-07-28,3.675907975830854,4.667024338624294,0
1997-08-04,4.480189424890371,4.656538100675921,0
1997-08-11,5.020182869140221,4.676947913245686,0
1997-08-18,5.303143380682534,4.712093564251187,0
1997-08-25,6.048791323201561,4.787116644709117,0
1997-09-01,4.52489797615051,4.772399441708574,0
1997-09-08,5.331298794051843,4.8037680520005965,0
1997-09-15,3.8788923310479526,4.751858766478116,0
1997-09-22,3.8980424113324115,4.703937736701952,0
1997-09-29,3.8743699776841733,4.657377676049972,0
1997-10-06,4.262783412839299,4.635230801815411,0
1997-10-13,5.0849235129579355,4.660470114310318,0
1997-10-20,9.562564154797123,4.935603511631614,0
1997-10-27,9.403535972578585,5.186369291894035,0
1997-11-03,4.329338719822155,5.1382678619836994,0
1997-11-10,4.079587394299,5.07884869308443,0
1997-11-17,5.712752223033034,5.114426964396295,0
1997-11-24,4.615157202258977,5.086405105839091,0
1997-12-01,6.863060945541906,5.186121135970494,0
1997-12-08,5.795637014646467,5.220330633592605,0
1997-12-15,4.952331834181789,5.2052890167751915,0
1997-12-22,4.094461851005731,5.142943078604534,0
1997-12-29,3.871626671709396,5.071589571468505,0
1998-01-05,9.986196904118511,5.347425285913076,0
1998-01-12,5.254709725434488,5.342221561356113,0
1998-01-19,5.3988429757984955,5.345399477158627,0
1998-01-26,4.819054262484521,5.3158579902183405,0
1998-02-02,5.433958819655932,5.322486480443387,0
1998-02-09,4.7236387785907095,5.288875741577917,0
1998-02-16,3.3878852679739424,5.182181344661341,0
1998-02-23,3.9656757356412076,5.113904131228511,0
1998-03-02,6.697240102597041,5.202769950877368,0
1998-03-09,2.521362556745544,5.05227411790133,0
1998-03-16,5.292997590403327,5.065784888249155,0
1998-03-23,3.698471059271775,4.989043459817974,0
1998-03-30,5.2172839244773375,5.00185361277083,0
1998-04-05,5.1742031345016395,5.0115268481369535,0
1998-04-13,4.461258277063076,4.980642646375769,0
1998-04-20,4.448025189138756,4.9507491255106135,0
1998-04-27,4.553177254991209,4.928435131019287,0
1998-05-04,4.9775472688123585,4.931191583508594,0
1998-05-11,5.329244110715474,4.95353255518687,0
1998-05-18,4.646515176899463,4.936300993811825,0
1998-05-25,4.940021177274301,4.936509791665607,0
1998-06-01,4.556937856098171,4.915206055895144,0
1998-06-08,4.388927886003362,4.885668331889347,0
1998-06-15,3.8131684288546275,4.825473537682706,0
1998-06-22,4.4351364547349466,4.80356560061644,0
1998-06-28,3.8394379885767296,4.749453275728154,0
1998-07-06,6.968135520316735,4.873978341646611,0
1998-07-13,3.9355832800779638,4.821310273839966,0
1998-07-20,5.813959552842132,4.877023396889983,0
1998-07-27,4.475548493543777,4.854490341998627,0
1998-08-03,6.20592746123952,4.930340679183494,0
1998-08-10,6.4870014849000235,5.017709336825803,0
1998-08-17,7.259686156802808,5.143541826798724,0
1998-08-24,12.075609106685958,5.532608867419138,0
1998-08-31,8.64595714628896,5.707347679431973,0
1998-09-07,6.399155929468097,5.746175892957726,0
1998-09-14,5.732546811829104,5.7454109514118645,0
1998-09-21,5.8977139139509065,5.753959059864982,0
1998-09-28,12.206098227168608,6.116089805303264,0
1998-10-05,14.951761302233185,6.611997940987225,0
1998-10-12,12.056901421019926,6.917596891185898,0
1998-10-19,9.717861071894212,7.074763643000987,0
1998-10-26,7.1785944937219925,7.080591220862548,0
1998-11-02,7.690872838049688,7.114843696084904,0
1998-11-09,5.8525703317926885,7.043997735930413,0
1998-11-16,5.305578067034299,6.946427737165955,0
1998-11-23,4.265814298504234,6.795976465486377,0
1998-11-30,5.44256091235104,6.7200150873393705,0
1998-12-07,6.720494667061005,6.720042004080871,0
1998-12-14,5.116289874111047,6.630030313498117,0
1998-12-20,5.410992566169421,6.561610982062334,0
1998-12-27,6.368225218692382,6.55075707317562,0
1999-01-04,7.630275697999584,6.611345797966778,0
1999-01-11,5.739106895247155,6.562390790045874,0
1999-01-18,6.6369625733656985,6.566576182639251,0
1999-01-25,7.707025100353906,6.630584661997404,0
1999-02-01,7.368874044289084,6.6720216610183325,0
1999-02-08,5.139212938791835,6.585991717955875,0
1999-02-15,4.934315897856772,6.4932902773257855,0
1999-02-22,4.141432045629412,6.36129061759661,0
1999-03-01,5.613625715399519,6.319327411077024,0
1999-03-08,5.428881661464148,6.269350531360337,0
1999-03-15,4.490757172947564,6.169525756659645,0
1999-03-22,4.790449327273071,6.092124144195847,0
1999-03-28,14.452214503906262,6.561339961677743,0
1999-04-05,11.895496571891387,6.860723167689471,0
1999-04-12,10.823487787466695,7.083136055655135,0
1999-04-19,6.370914671285931,7.0431621409346175,0
1999-04-26,5.730688922125233,6.969498679442071,0
1999-05-03,4.3038425209816955,6.819886895394206,0
1999-05-10,4.5770773473260205,6.6940076679848195,0
1999-05-17,5.569174652523757,6.630875641873744,0
1999-05-24,3.6214250752467354,6.461968160371336,0
1999-05-31,4.597237978365964,6.357308897243095,0
1999-06-07,5.883555171187541,6.3307191437486185,0
1999-06-14,5.238879577738009,6.269438897664952,0
1999-06-21,4.583576415759045,6.174818707143837,0
1999-06-28,4.582585405908944,6.085453518740933,0
1999-07-05,3.5463152945568512,5.942942640712417,0
1999-07-12,3.9748685356383753,5.832483128871775,0
1999-07-19,4.9183173915018505,5.781174948539042,0
1999-07-26,4.309546455962123,5.698578787915959,0
1999-08-02,5.509481192478714,5.687965555401805,0
1999-08-09,4.551268582963529,5.624167656551068,0
1999-08-16,4.84101704831148,5.580212790389871,0
1999-08-23,4.726036066964651,5.532271534696331,0
1999-08-30,4.18729407674181,5.456783750441005,0
1999-09-06,6.140052590768994,5.495132683727595,0
1999-09-13,4.08295960647111,5.415873499154167,0
1999-09-20,5.215992718477028,5.404655052956944,0
1999-09-27,5.5485726474343835,5.412732526864187,0
1999-10-04,7.0510886700223185,5.504686391471107,0
1999-10-11,6.371216476620074,5.553320988082083,0
1999-10-18,7.856767409460356,5.6826035016828325,0
1999-10-25,6.5434427900571555,5.7309186984134435,0
1999-11-01,5.7351832870553485,5.7311580513821,0
1999-11-08,5.983231303659004,5.7453058359207025,0
1999-11-15,4.5728230933404515,5.679499436124534,0
1999-11-22,4.9130744513678755,5.636483307077143,0
1999-11-29,4.8031491295837,5.589711853599488,0
1999-12-06,6.766190464388644,5.655742524245316,0
1999-12-13,7.933301480062031,5.783572086048493,0
1999-12-19,5.479953730812755,5.7665312971784335,0
1999-12-27,6.417041511630468,5.803041630072133,0
2000-01-03,9.716752504404074,6.0227013428591425,0
2000-01-10,7.312851320193813,6.095111897080748,0
2000-01-17,9.392210818732101,6.280163840214877,0
2000-01-24,9.940290262777241,6.4855909513530845,0
2000-01-31,8.204792924838607,6.582082343753948,0
2000-02-07,6.947159946869573,6.602572575153332,0
2000-02-14,8.689969858062916,6.7197291823629985,0
2000-02-21,6.897712900579524,6.729718640879369,0
2000-02-28,9.94460897051868,6.910156570283352,0
2000-03-06,5.18708266013766,6.813447862776183,0
2000-03-13,12.694344858661971,7.143517248718437,0
2000-03-20,6.639649510487986,7.115237325592733,0
2000-03-27,7.449183874517751,7.133980305178726,0
2000-04-03,5.273472706509291,7.029558037442472,0
2000-04-10,11.791637959075954,7.296833046108858,0
2000-04-16,8.231381023747284,7.349285193685748,0
2000-04-24,5.914234837785149,7.268742006124447,0
2000-05-01,8.347032042440217,7.329261775541152,0
2000-05-08,6.050426931144115,7.257486290932769,0
2000-05-15,4.968624452192289,7.129022347056816,0
2000-05-22,8.29916065936505,7.194697164092599,0
2000-05-29,9.424982332585707,7.3198734520901,0
2000-06-05,7.352565384719518,7.32170830927869,0
2000-06-12,6.333909997576089,7.266267450102519,0
2000-06-19,5.066772583640164,7.142819288969233,0
2000-06-26,7.851234523676696,7.1825795809239485,0
2000-07-03,7.038252932973299,7.174479148609372,0
2000-07-10,5.789981592889873,7.096773271704099,0
2000-07-17,3.8081288437558523,6.912195842839985,0
2000-07-24,4.684416134648462,6.787160175523959,0
2000-07-31,6.139676605941459,6.75081971515383,0
2000-08-07,7.747953486765317,6.80678453343382,0
2000-08-14,3.8606552854091296,6.641431004459869,0
2000-08-21,2.856765236239165,6.4290140369484154,0
2000-08-28,5.387896845204272,6.370580618982871,0
2000-09-04,6.664932285361966,6.387101308571686,0
2000-09-11,6.098155830529399,6.3708840450190465,0
2000-09-18,6.694570143044475,6.389051149746105,0
2000-09-25,6.48400173181023,6.394380316425727,0
2000-10-02,5.686205172750033,6.354633499745188,0
2000-10-09,6.506919602319645,6.363180661921206,0
2000-10-16,4.924680370192645,6.282443844340356,0
2000-10-23,7.350128545419272,6.342368382027651,0
2000-10-30,5.655383415084971,6.3038108785806495,0
2000-11-06,6.582220690575931,6.319436820635045,0
2000-11-13,6.554933721267383,6.332654246044366,0
2000-11-20,3.8984260253706804,6.196031514069437,0
2000-11-27,7.800710665937179,6.286095234393371,0
2000-12-04,5.328851054503398,6.232369246865598,0
2000-12-11,5.881103647542861,6.212654223672332,0
2000-12-18,10.749405850680299,6.4672825269306,0
2000-12-25,9.553662203254719,6.640507707589543,0
2001-01-01,14.125306399314239,7.060597178601753,0
2001-01-08,6.5944702304277385,7.034435483257902,0
2001-01-15,5.9295182859434155,6.97242124612881,0
2001-01-22,4.920005398785812,6.8572279960337,0
2001-01-29,5.045988574191282,6.755570938584782,0
2001-02-05,6.1695664544358815,6.722681034140315,0
2001-02-12,4.402000044873827,6.592431218571206,0
2001-02-19,3.6708999660471973,6.428458269001383,0
2001-02-26,5.56511171816134,6.380002350441596,0
2001-03-05,5.881172439440573,6.352005178831734,100
2001-03-12,6.924029610144896,6.384110443202049,100
2001-03-19,5.919910255891977,6.358056888635985,100
2001-03-26,7.171214261557556,6.403695905089156,100
2001-04-02,4.996629825791464,6.324723354286299,100
2001-04-08,6.041059988185478,6.308802552896866,100
2001-04-16,6.238729498821476,6.304869654574392,100
2001-04-23,3.961986095358945,6.173373704506665,100
2001-04-30,4.320108837492011,6.069357940062598,100
2001-05-07,4.389957326189764,5.9751004263261995,100
2001-05-14,5.9375550286506655,5.972993165076021,100
2001-05-21,5.36423151669455,5.938825999147586,100
2001-05-28,4.563478433587642,5.861633671728974,100
2001-06-04,3.3167881278229085,5.718802466458317,100
2001-06-11,5.872275473677727,5.727416244473313,100
2001-06-18,4.909531337339028,5.681511891913133,100
2001-06-25,5.081578474426992,5.647840216511503,100
2001-07-02,4.18429642543542,5.565697815316918,100
2001-07-09,5.196594423054563,5.5449816337346745,100
2001-07-16,4.208943623514055,5.46999558212766,100
2001-07-23,3.313842604812995,5.3489800143124615,100
2001-07-30,3.531390349239995,5.246966545097619,100
2001-08-06,4.720269374420839,5.217405304384778,100
2001-08-13,4.251607513846976,5.163199239580343,100
2001-08-20,4.313997566675725,5.115537212016715,100
2001-08-27,3.815863731547171,5.042592144635987,100
2001-09-03,4.732392512335149,5.025181977067216,100
2001-09-06,13.239626324391052,5.486223311998744,100
2001-09-17,14.697343312609984,6.003203753004449,100
2001-09-24,8.581078654701926,6.147888753682832,100
2001-10-01,6.0622280911520665,6.143080990122151,100
2001-10-08,4.148023490001794,6.031107016688353,100
2001-10-15,3.3039673661558173,5.878044429389209,100
2001-10-22,4.818498065091901,5.818576661447409,100
2001-10-29,7.362318598617059,5.90522023871315,100
2001-11-05,5.154186906180015,5.863067976725769,0
2001-11-12,7.398165471938376,5.949226378745188,0
2001-11-19,3.0100738852439233,5.784264424914115,0
2001-11-26,4.550515125827665,5.715019397524409,0
2001-12-03,5.0949640624402885,5.68021836566743,0
2001-12-10,3.6977811728630785,5.568952715655911,0
2001-12-17,3.6523056464391104,5.461379581549501,0
2001-12-24,3.7412969128795326,5.3648387595260925,0
2001-12-31,4.080362068559738,5.292746622401262,0
2002-01-07,4.547505832554694,5.250919470853486,0
2002-01-14,3.515817175180565,5.153535661941271,0
2002-01-21,3.7689133213644435,5.075822781400115,0
2002-01-28,3.9200981490176456,5.010956942056952,0
2002-02-04,4.386087117166545,4.9758856936505085,0
2002-02-11,3.1350588942164364,4.872568024298313,0
2002-02-18,3.7219015937484663,4.8079860800096,0
2002-02-25,5.100215964815445,4.824387683149278,0
2002-03-04,6.613271164178805,4.924789998054425,0
2002-03-11,3.051975044770992,4.819676971581391,0
2002-03-18,2.625043723421262,4.696501672116796,0
2002-03-24,2.2479119801061835,4.55907289269218,0
2002-04-01,4.0124189276839095,4.528391563180814,0
2002-04-08,4.880226518339465,4.548138541861698,0
2002-04-15,3.9424531283532014,4.514144031729861,0
2002-04-22,4.472016025696949,4.511779568435914,0
2002-04-29,4.287392077810405,4.499185666298928,0
2002-05-06,4.305538672645117,4.488317095682984,0
2002-05-13,4.91295897467918,4.512150413005783,0
2002-05-20,3.657968731914699,4.464208879059838,0
2002-05-27,2.4616350516796293,4.351813046592473,0
2002-06-03,3.9298961580772254,4.328132671233353,0
2002-06-10,4.731513630530643,4.350772704825031,0
2002-06-17,3.7812272339275066,4.318806573811879,0
2002-06-24,6.337209051540689,4.432090800159382,0
2002-07-01,4.959601286768465,4.461697688787931,0
2002-07-08,7.762475499942528,4.6469561121239975,0
2002-07-15,6.896359034610783,4.773205397204375,0
2002-07-22,10.346268972131849,5.085997420815798,0
2002-07-29,6.302706253812782,5.154286040334009,0
2002-08-05,5.373059700175033,5.166564862359728,0
2002-08-12,6.398245648297824,5.235693793027256,0
2002-08-19,4.860861814134546,5.214656090583022,0
2002-08-26,4.451596540566393,5.171828848873541,0
2002-09-02,4.198131727177906,5.117179428678517,0
2002-09-09,3.860840423963074,5.046666538534065,0
2002-09-16,5.402500565011583,5.0666379678413564,0
2002-09-23,5.448688141124443,5.088080796406947,0
2002-09-30,4.696900015803942,5.066125506229892,0
2002-10-07,7.821524854259472,5.220774188474466,0
2002-10-14,6.59941215672622,5.298151192005709,0
2002-10-21,7.017856323079656,5.394670824472053,0
2002-10-28,5.211220597810501,5.384374554411974,0
2002-11-04,7.69734226436607,5.514191456878198,0
2002-11-11,3.2256996781136693,5.385748282872745,0
2002-11-18,4.511992142449696,5.33670811894291,0
2002-11-25,3.3724153135565964,5.226460835146199,0
2002-12-02,4.576783031468761,5.189997221879355,0
2002-12-09,3.9760991964557304,5.121866360868118,0
2002-12-16,2.911846293920487,4.997827465623432,0
2002-12-23,3.886271283417441,4.935440610904209,0
2002-12-30,4.912167163453768,4.934134372669786,0
2003-01-06,5.216397131448701,4.949976564010614,0
2003-01-13,4.067024588886491,4.900420277537716,0
2003-01-20,3.804544014107695,4.838913469036888,0
2003-01-27,3.5529063025779553,4.766735432923113,0
2003-02-03,4.646827270351515,4.760005504883708,0
2003-02-10,3.689221404674577,4.699907011289955,0
2003-02-17,3.5666649023465125,4.636303019027458,0
2003-02-24,3.4977145863961856,4.572398960673354,0
2003-03-03,4.205589908312583,4.551811550495029,0
2003-03-10,6.389085430425615,4.654929809798105,0
2003-03-17,6.974146109122897,4.785097418637528,0
2003-03-24,4.319363915865731,4.758957805687298,0
2003-03-31,4.650428745408119,4.752866537585119,0
2003-04-07,3.2437270467077006,4.668165046400424,0
2003-04-13,3.8978570332449824,4.624930979715276,0
2003-04-21,3.571233991127484,4.565791512005556,0
2003-04-28,2.776360089029136,4.465358443482029,0
2003-05-05,4.011131566949571,4.439864647838197,0
2003-05-12,4.1660817250255535,4.424498393119323,0
2003-05-19,5.756719354306175,4.49927021022579,0
2003-05-26,4.5160809260871,4.5002137232078185,0
2003-06-02,3.600481367225676,4.449715626325801,0
2003-06-09,3.466998588031089,4.3945599571121,0
2003-06-16,4.195817907710515,4.3834054229903865,0
2003-06-23,2.9340003698179626,4.3020565681784575,0
2003-06-29,3.6065950304958587,4.263023311372575,0
2003-07-07,3.1749208889199445,4.201952815039707,0
2003-07-14,4.7894588322407365,4.234926994058756,0
2003-07-21,3.90993292343878,4.2166864784708356,0
2003-07-28,4.608428397078417,4.238673262904078,0
2003-08-04,4.034698750962801,4.227225053225958,0
2003-08-11,4.459843812382568,4.240280940966754,0
2003-08-18,5.108276857192075,4.288997808354383,0
2003-08-25,2.96006593135438,4.214410593358551,0
2003-09-01,3.71399753223232,4.186324566359783,0
2003-09-08,3.523326508863853,4.149113344692122,0
2003-09-15,2.6241571120624756,4.063524128005447,0
2003-09-22,4.924823091084233,4.111865124294789,0
2003-09-29,3.2656765391357574,4.064372208351832,0
2003-10-06,2.3705961371179267,3.9693078621905284,0
2003-10-13,2.6163124075271638,3.8933700623590024,0
2003-10-20,3.2013856091383945,3.8545319593084133,0
2003-10-27,3.425504458845295,3.8304524959664654,0
2003-11-03,3.115471842221355,3.7903237153557288,0
2003-11-10,5.064508810823214,3.861838229609583,0
2003-11-17,2.6724555505927117,3.795083309265272,0
2003-11-24,2.9722545967797322,3.748901482231784,0
2003-12-01,4.1318297324442606,3.7703935934685555,0
2003-12-08,1.9468126728386057,3.6680438609176496,0
2003-12-15,2.957823900337223,3.628182277482893,0
2003-12-22,1.6490040679175022,3.51709954014562,0
2003-12-29,2.5386298624481713,3.462182256964729,0
2004-01-05,4.15952094986316,3.501320870397303,0
2004-01-12,2.9327013466187077,3.4694067088026213,0
2004-01-19,3.872184840639242,3.4920129082887352,0
2004-01-26,3.5420107319834497,3.4948190705080204,0
2004-02-02,3.103646512215577,3.4728642418137965,0
2004-02-09,2.308982784076852,3.407540595041278,0
2004-02-16,2.8988933382357884,3.378992418150499,0
2004-02-23,2.3699044128721423,3.3223566602895924,0
2004-03-01,3.529321038209523,3.3339726782507544,0
2004-03-08,2.783837604822065,3.303095969136662,0
2004-03-15,2.280885723341725,3.245723716507606,0
2004-03-22,3.2598925441726703,3.2465189516988024,0
2004-03-29,4.013489436642181,3.2895656973191043,0
2004-04-04,2.4877680993311535,3.2445642560418633,0
2004-04-12,4.1158026095467015,3.2934631074503917,0
2004-04-19,3.2620766430034855,3.2917015205608173,0
2004-04-26,3.546863113588285,3.306022640346718,0
2004-05-03,4.940361577377277,3.3977510364986285,0
2004-05-10,3.8023838329346775,3.4204613303101303,0
2004-05-17,2.8096083422469094,3.386176786504641,0
2004-05-24,3.353236294905825,3.3843279787730545,0
2004-05-31,2.40447420746428,3.3293330123869147,0
2004-06-06,3.2157435621134067,3.3229577264182057,0
2004-06-14,3.427874698571921,3.3288462635916884,0
2004-06-21,3.393504501382927,3.3324752516285123,0
2004-06-28,3.179991708311571,3.323917007955118,0
2004-07-05,3.2618031335679247,3.320430824063134,0
2004-07-12,3.0026366603223162,3.3025944081974346,0
2004-07-19,3.3516809482567727,3.305349423996342,0
2004-07-26,2.883788330670821,3.281689017886791,0
2004-08-02,4.609684140947201,3.356223656923915,0
2004-08-09,2.109706970255614,3.286262051130919,0
2004-08-16,3.4161527834586662,3.293552257759092,0
2004-08-23,2.93294848656275,3.273313123251124,0
2004-08-30,2.4829552402640336,3.228953743841032,0
2004-09-06,2.736756297942332,3.2013288238936526,0
2004-09-13,2.814718989227594,3.179630081199003,0
2004-09-20,3.107325310039516,3.175571926221284,0
2004-09-27,3.394300902110115,3.187848240329474,0
2004-10-04,3.1172827434749855,3.183887703317558,0
2004-10-11,2.452530280428894,3.142839765282586,0
2004-10-18,2.729054105218972,3.1196157607090567,0
2004-10-25,3.759380697053693,3.155523007483552,0
2004-11-01,3.4964165268226624,3.174655890558816,0
2004-11-08,2.7047107874109964,3.1482798986427722,0
2004-11-15,2.547873861719434,3.1145816971503897,0
2004-11-22,3.7611404298128726,3.150870250412725,0
2004-11-29,4.296303965115109,3.2151585049279574,0
2004-12-06,2.5418358730713835,3.177367809428036,0
2004-12-13,2.470239349697547,3.137679738603327,0
2004-12-19,2.33541707688487,3.0926521953045647,0
2004-12-27,2.145205275471771,3.0394760857313368,0
2005-01-03,4.49853185148297,3.121366593419885,0
2005-01-10,3.1190634378940683,3.1212373272329974,0
2005-01-17,2.5535342541227832,3.0893746020619717,0
2005-01-24,2.2574746419834057,3.0426836450224903,0
2005-01-31,3.875396113243924,3.089420204639942,0
2005-02-07,2.5574807916847835,3.059564739476137,0
2005-02-14,3.631468492027254,3.0916632306679874,0
2005-02-21,3.2254466346609205,3.0991719161688733,0
2005-02-28,3.1691179917973002,3.103097687738737,0
2005-03-07,3.6211611327624924,3.1321743546651852,0
2005-03-14,2.9390436609634136,3.121334761738912,0
2005-03-20,3.30176538325888,3.1314615543849893,0
2005-03-28,3.5562761535014418,3.155304565743251,0
2005-04-04,3.0001196703135737,3.146594706825841,0
2005-04-11,5.215834834923023,3.262732231241916,0
2005-04-18,3.658043559999833,3.284919351273167,0
2005-04-25,3.5345727990018068,3.298931322618322,0
2005-05-02,3.1616080930842125,3.2912239619759505,0
2005-05-09,4.18348616754329,3.3413027915315654,0
2005-05-16,3.2383668684782014,3.335525442100451,0
2005-05-23,4.171632908982077,3.38245254835115,0
2005-05-30,3.074895012700903,3.3651906702728556,0
2005-06-06,2.6978809325252264,3.327737452587571,0
2005-06-13,2.6446773509948627,3.289400234905968,0
2005-06-20,3.8575426494265233,3.321287618415617,0
2005-06-27,2.832054999200249,3.293829101403619,0
2005-07-04,2.6340947768838663,3.256801058992469,0
2005-07-11,3.0530458654334858,3.2453651587092964,0
2005-07-18,2.9683119001955043,3.2298153541514334,0
2005-07-25,1.6935913350722749,3.1435937252057244,0
2005-08-01,3.011450407003075,3.136177090647079,0
2005-08-08,3.3199162649340215,3.146489578091232,0
2005-08-15,2.4557635538579516,3.1077221052324977,0
2005-08-22,2.460680028860115,3.071406423972234,0
2005-08-29,4.035677413990028,3.1255267960480864,0
2005-09-05,3.12750933345272,3.125638067322556,0
2005-09-12,3.063777020192841,3.1221660735341707,0
2005-09-19,3.162582321556,3.124434463233223,0
2005-09-26,3.037086160769784,3.119531979721375,0
2005-10-03,4.199594156552329,3.1801512117425186,0
2005-10-10,3.804680643145745,3.215203355330536,0
2005-10-17,3.698137652607436,3.2423083746947854,0
2005-10-24,3.962674251001016,3.282739404623127,0
2005-10-31,3.462420314811322,3.2928241192054184,0
2005-11-07,3.9420341797086382,3.3292614800651212,0
2005-11-14,2.958764935115833,3.308467106830785,0
2005-11-21,2.1703170563279746,3.2445876529749493,0
2005-11-28,2.9209252273027633,3.2264218768749875,0
2005-12-05,2.0245388930007597,3.1589653683288694,0
2005-12-12,2.3754192672388785,3.1149883048596143,0
2005-12-19,3.4456983595755184,3.1335496339836193,0
2005-12-26,2.3232310528588416,3.0880699466711965,0
2006-01-02,3.6650498721131726,3.1204533415554927,0
2006-01-09,2.718775999814192,3.097908924670072,0
2006-01-16,3.2122061312795513,3.104323933949592,0
2006-01-23,3.8720658727758317,3.1474139779493036,0
2006-01-30,3.175964544180804,3.1490163981023733,0
2006-02-06,4.770270220459141,3.2400103831995786,0
2006-02-13,2.257175460790518,3.1848480976589353,0
2006-02-20,2.3460408399929564,3.1377694637948483,0
2006-02-27,3.152037169921478,3.138570248607661,0
2006-03-06,4.14172194069276,3.19487282681046,0
2006-03-13,3.1226537765748947,3.190819482978513,0
2006-03-20,2.273054753671146,3.1393093067496376,0
2006-03-27,3.27667141547016,3.147018849513069,0
2006-04-03,3.5902800782744735,3.1718971906388598,0
2006-04-09,1.6502443584075857,3.086493379570032,0
2006-04-17,3.3936524677872937,3.1037328945122895,0
2006-04-24,4.175967915351202,3.163912822023632,0
2006-05-01,3.04640156715435,3.157317422076457,0
2006-05-08,3.6439054043457197,3.1846275070221473,0
2006-05-15,3.7876969911177283,3.218475196317708,0
2006-05-22,2.6137637235058273,3.1845353492768758,0
2006-05-29,2.383050565340036,3.139551464903256,0
2006-06-05,4.634669092013748,3.2234659693465475,0
2006-06-12,2.8560662907446814,3.202845409864493,0
2006-06-19,2.527971424618065,3.1649676435892924,0
2006-06-26,3.311144024252354,3.173171893423709,0
2006-07-03,2.543718308945552,3.137843378359901,0
2006-07-10,3.1188494022886046,3.136777328397992,0
2006-07-17,3.957857900314683,3.182861039840524,0
2006-07-24,3.336136865831036,3.191463750923523,0
2006-07-31,2.4577354557002224,3.1502827460492258,0
2006-08-07,3.325930494840962,3.160141096676075,0
2006-08-14,3.6803874637231333,3.189340281601443,0
2006-08-21,2.296539426522792,3.1392312199717822,0
2006-08-28,3.3617411405510813,3.151719742199437,0
2006-09-04,2.7687359014822768,3.1302245109073814,0
2006-09-11,3.2805909495464056,3.1386639306256026,0
2006-09-18,3.2722870701075033,3.146163621170654,0
2006-09-25,2.9530296172693964,3.1353238424571597,0
2006-10-02,2.4599516343240158,3.0974181130800047,0
2006-10-09,2.688215962462313,3.0744513611244577,0
2006-10-16,2.5792306622360814,3.0466567590250957,0
2006-10-23,2.898838296250783,3.038360346203552,0
2006-10-30,2.2482161517330987,2.994012960208328,0
2006-11-06,2.9281358002443008,2.990315559326769,0
2006-11-13,1.8556233036353613,2.9266301765813294,0
2006-11-20,2.526865203944856,2.9041930927263233,0
2006-11-27,4.20441811768238,2.9771691159204443,0
2006-12-04,2.878397707738776,2.971625502748851,0
2006-12-11,2.494348733723113,2.9448380160462206,0
2006-12-18,2.5480397526368557,2.9225674407856594,0
2006-12-25,1.406458202691183,2.837474767747973,0
2007-01-01,3.255058156092949,2.8609119224315425,0
2007-01-08,2.8881864306736755,2.862442722952901,0
2007-01-15,2.64108348148192,2.850018783381083,0
2007-01-22,2.5241429951842456,2.831728780788141,0
2007-01-29,2.2158138272771706,2.7971601306927147,0
2007-02-05,2.828431900230717,2.798915280251695,0
2007-02-12,2.40213192288574,2.7766455416030653,0
2007-02-19,2.0863913002237164,2.737904547881273,0
2007-02-26,3.8876263067547887,2.8024334718228614,0
2007-03-05,2.6743608823693226,2.795245309713146,0
2007-03-12,2.579616003781994,2.783142966711791,0
2007-03-19,3.634918116487447,2.830949432433603,0
2007-03-26,1.6273656398843317,2.763397464831601,0
2007-04-01,3.1570846776859467,2.7854934302414796,0
2007-04-09,2.620367630937925,2.7762256312615827,0
2007-04-16,2.19585350681916,2.7436518468768663,0
2007-04-23,1.8669052112310542,2.6944438393472323,0
2007-04-30,2.410350710445207,2.678498917225198,0
2007-05-07,2.2866863185551964,2.656508165824872,0
2007-05-14,2.8367474236743586,2.666624218053416,0
2007-05-21,3.209001510091143,2.697065516354875,0
2007-05-28,3.1322867005670507,2.7214926044542707,0
2007-06-04,4.47475271457364,2.81989553318249,0
2007-06-11,4.347637437283759,2.905641097595152,0
2007-06-18,4.644070696031385,3.0032116536618734,0
2007-06-25,3.0618310993830944,3.006501710343195,0
2007-07-02,2.8116138129238273,2.9955634931505135,0
2007-07-09,2.8914377769952004,2.9897193657637855,0
2007-07-16,4.181315876588577,3.056598538939923,0
2007-07-23,6.375568290563915,3.2428779974384887,0
2007-07-30,3.6429319871646855,3.265331302576302,0
2007-08-06,7.251353211094321,3.4890495218577033,0
2007-08-13,10.271454529226029,3.869716664567374,0
2007-08-20,7.457818297444681,4.0711013348805505,0
2007-08-27,4.14520092228623,4.075260225153698,0
2007-09-03,4.056619623601766,4.074214008579569,0
2007-09-10,3.5221267233135896,4.043227730234317,0
2007-09-17,4.879266302450538,4.090150969724569,0
2007-09-24,3.305574920870884,4.046116099729175,0
2007-10-01,3.742790451953733,4.029091739266507,0
2007-10-08,3.62177938633655,4.0062310535050765,0
2007-10-15,6.659061611399372,4.1551229919059,0
2007-10-22,3.266194969200932,4.105231295655081,0
2007-10-29,5.253972141730573,4.16970516519168,0
2007-11-05,5.429492114966182,4.240411573622407,0
2007-11-12,4.767158002233259,4.269975578970655,0
2007-11-19,4.866294128813973,4.3034443674412675,0
2007-11-26,5.2382658224222185,4.355911864121973,0
2007-12-03,5.103940123890689,4.39789546433501,100
2007-12-10,5.188610180744781,4.442274871266208,100
2007-12-17,3.295532811208508,4.3779131849686586,100
2007-12-24,3.3220279982831356,4.318650903136715,100
2007-12-31,5.127188783108077,4.364030647372994,100
2008-01-07,5.761833895167523,4.4424833153912235,100
2008-01-14,5.595032696541409,4.507170941576566,100
2008-01-21,10.261802940907957,4.830153617802961,100
2008-01-28,5.608509229956464,4.873839361513137,100
2008-02-04,5.760462418120321,4.923601689957473,100
2008-02-11,4.3829674067957995,4.893258219227184,100
2008-02-18,3.737908308196532,4.828413411377444,100
2008-02-25,5.9259144226451514,4.89001140996738,100
2008-03-03,6.139500901745157,4.960139866490409,100
2008-03-10,6.567178545042564,5.050336016871252,100
2008-03-16,11.832706550747192,5.431001224732468,100
2008-03-24,10.624612550819645,5.7224962300732525,100
2008-03-31,5.569719981731767,5.713921558129174,100
2008-04-07,3.8760163538591494,5.610767865313626,100
2008-04-14,5.671848914942356,5.6141960812061615,100
2008-04-21,4.312841484835357,5.541156660040013,100
2008-04-28,3.5325275880038114,5.428420972804449,100
2008-05-05,6.3037054756539055,5.477546917125936,100
2008-05-12,3.3950121700931217,5.360663223084464,100
2008-05-19,3.723659933617534,5.268785288320805,100
2008-05-26,3.7715607533754585,5.184752532227166,100
2008-06-02,4.026107714060312,5.119722795449757,100
2008-06-09,6.529399345029082,5.198841860691395,100
2008-06-16,4.270384144577854,5.146731533228538,100
2008-06-23,5.443330760036157,5.163378368691193,100
2008-06-29,5.103186641293646,5.16000006662013,100
2008-07-07,6.968017284609492,5.2614762756631155,100
2008-07-14,8.431133503154745,5.439375466119522,100
2008-07-21,4.722630999918442,5.399147690322393,100
2008-07-28,4.475541474711896,5.347309656659794,100
2008-08-04,6.442774259513088,5.408793360427811,100
2008-08-11,4.437418846219042,5.354274298174357,100
2008-08-18,4.248190662261397,5.292194593877211,100
2008-08-25,4.095043309789685,5.225003655233805,100
2008-09-01,7.189798400386505,5.335279110744897,100
2008-09-08,5.709210250835794,5.356266252992216,100
2008-09-15,14.295344240762173,5.857978149047749,100
2008-09-22,8.352597813105922,5.997990392290777,100
2008-09-29,13.879524621569875,6.440346918031826,100
2008-10-06,18.51132262942378,7.117838726436283,100
2008-10-13,11.425410993617543,7.359604180605106,100
2008-10-20,8.749052074348686,7.437587898634438,100
2008-10-27,12.374856837525602,7.714695511305029,100
2008-11-03,6.266467039096416,7.63341269290838,100
2008-11-10,7.377262179715271,7.619036069298479,100
2008-11-17,16.316506117978268,8.107187553711016,100
2008-11-24,14.332941171397538,8.456612254578104,100
2008-12-01,8.362481565498,8.451329104955738,100
2008-12-08,7.958699005004229,8.423679902002274,100
2008-12-15,10.19593694090137,8.523149046415192,100
2008-12-22,6.711794516558545,8.421485528449859,100
2008-12-29,10.140600265625078,8.517972024652847,100
2009-01-05,10.749006539667256,8.643190370238894,100
2009-01-12,8.447016706074548,8.63217998850392,100
2009-01-19,7.594633062625755,8.573946954164011,100
2009-01-26,7.033680562901452,8.487498444301112,100
2009-02-02,5.040591091252455,8.294038399988732,100
2009-02-09,4.686519384436237,8.091563915726988,100
2009-02-16,6.743352164422619,8.015894604534413,100
2009-02-23,8.656734638782256,8.05186219191766,100
2009-03-02,8.532163489372731,8.0788194323572,100
2009-03-09,12.919729152861459,8.350518817666373,100
2009-03-16,8.298257309543075,8.347585604602662,100
2009-03-23,7.202198532378407,8.283299967928572,100
2009-03-30,5.62760856457354,8.134247462609954,100
2009-04-05,5.923123411542084,8.01014660549773,100
2009-04-13,4.137434042561591,7.7927879511167,100
2009-04-20,4.240165258185688,7.5933945606933335,100
2009-04-27,5.220067662349192,7.460189957292744,100
2009-05-04,10.85325742005916,7.650628200757892,100
2009-05-11,6.497672704384352,7.585917781076509,100
2009-05-18,4.83225906553713,7.431366793026816,100
2009-05-25,5.28444465184671,7.3108693122341935,100
2009-06-01,7.543897809236171,7.323948196793181,100
2009-06-08,4.309147060253015,7.154740410876853,0
2009-06-15,5.809038392725848,7.079211960182495,0
2009-06-22,3.642170037987338,6.886305619957459,0
2009-06-28,3.8206360451301395,6.714242807979455,0
2009-07-06,3.259528876581901,6.520344614091639,0
2009-07-13,5.1683998499133,6.444465784985744,0
2009-07-20,4.481795424114949,6.334309562002602,0
2009-07-27,5.936735395995968,6.311995438675477,0
2009-08-03,6.400760496439027,6.316977438552305,0
2009-08-10,4.347287542726613,6.206427239345165,0
2009-08-17,3.608275767128354,6.060604202209926,0
2009-08-24,3.245678853282487,5.902614582251649,0
2009-08-31,3.475401574363049,5.766385583915968,0
2009-09-07,3.447996486995172,5.636264402380021,0
2009-09-14,3.754864537227423,5.530669541827762,0
2009-09-21,3.1643377168972293,5.397857541730354,0
2009-09-28,3.148861173039682,5.271631074761214,0
2009-10-05,3.9918548012158173,5.1998027517948175,0
2009-10-12,2.687859702703766,5.05881822166014,0
2009-10-19,3.5706946587645314,4.9752962638780565,0
2009-10-26,3.3535324653307423,4.884273656016641,0
2009-11-02,4.526945914746256,4.864218390939943,0
2009-11-09,3.1031269246943016,4.765375921966502,0
2009-11-16,2.716437063210108,4.6503778202456125,0
2009-11-23,3.5126973691576246,4.586524722979698,0
2009-11-30,6.164426594381716,4.675085550032978,0
2009-12-07,3.7789675020779256,4.6247903086731625,0
2009-12-14,3.5402505021864727,4.563919766610034,0
2009-12-20,3.656523104584954,4.51299150528354,0
2009-12-27,3.189048082812195,4.438684270726784,0
2010-01-04,4.388555991271554,4.435870786588275,0
2010-01-11,2.7211511138380624,4.339630966396948,0
2010-01-18,2.733329110082224,4.249476170670612,0
2010-01-25,2.9569923298435543,4.176934626756389,0
2010-02-01,3.241512735540005,4.1244334301792795,0
2010-02-08,3.3140806004476304,4.078951820640256,0
2010-02-15,3.686851014525133,4.056944893398983,0
2010-02-22,3.305168899003337,4.0147509490041235,0
2010-03-01,3.463912630011084,3.983834769749379,0
2010-03-08,2.23394388709896,3.885620941228586,0
2010-03-15,2.3330492010940245,3.7984817852025548,0
2010-03-22,3.2297139834905746,3.766559301406948,0
2010-03-28,2.367795304428311,3.68805271068042,0
2010-04-05,3.3632967133619784,3.6698255571201805,0
2010-04-12,3.0125430122632464,3.6329351225277593,0
2010-04-19,3.999231824579347,3.6534937766928337,0
2010-04-26,2.755733953578059,3.603106389573756,0
2010-05-03,5.788484297713295,3.7257622267183303,0
2010-05-10,4.478768061898072,3.7680251967724887,0
2010-05-17,4.595179381424227,3.814449793904281,0
2010-05-24,3.5907553943827346,3.8018947919818786,0
2010-05-31,3.57760360237217,3.789306294805593,0
2010-06-07,3.863294457195386,3.793458931273139,0
2010-06-14,3.1766192747845805,3.7588383815875304,0
2010-06-21,4.6069862452326555,3.8064412633821663,0
2010-06-28,3.561773057782207,3.792709092177932,0
2010-07-05,4.33748809725635,3.823285188274541,0
2010-07-12,3.191752294802999,3.787839970564332,0
2010-07-19,4.025364683991766,3.8011712083605307,0
2010-07-26,2.3659397206933095,3.7206178546543325,0
2010-08-02,3.6498405813376635,3.716645431542919,0
2010-08-09,5.513259913312523,3.817481654178261,0
2010-08-16,4.385668365816321,3.8493715238940753,0
2010-08-23,2.7951103352570636,3.790200390068808,0
2010-08-30,4.250177448868713,3.8160169186446056,0
2010-09-06,2.7530911208231985,3.7563594776735196,0
2010-09-13,3.844582805614963,3.7613110725917416,0
2010-09-20,3.277099023772887,3.7341343385439782,0
2010-09-27,2.9613143669021023,3.6907592864622636,0
2010-10-04,3.8402019778432543,3.6991468602307194,0
2010-10-11,4.053434880670911,3.7190315188865672,0
2010-10-18,2.7345207356715986,3.663775174506343,0
2010-10-25,2.088658759638036,3.5753706831155125,0
2010-11-01,6.006071384501978,3.7117954306459175,0
2010-11-08,4.672987467402915,3.7657429943537872,0
2010-11-15,5.2328422103497445,3.848084946215709,0
2010-11-22,3.5224908915799866,3.8298107561125247,0
2010-11-29,3.238558421133905,3.7966263124332964,0
2010-12-06,5.329405511941562,3.8826545985129015,0
2010-12-13,2.3738235607075415,3.7979704194688817,0
2010-12-19,2.518512414303212,3.726159959534049,0
2010-12-27,2.8683475795012527,3.678014650114556,0
2011-01-03,3.7947131338900917,3.684564432725462,0
2011-01-10,2.9685816903042874,3.6443794091990274,0
2011-01-17,3.530765683196032,3.638002760738315,0
2011-01-24,2.8187303854871106,3.59202053557644,0
2011-01-31,4.050564146353712,3.6177566108967323,0
2011-02-07,3.836962559709224,3.630059695438095,0
2011-02-14,2.347886797531972,3.558096860282209,0
2011-02-21,2.9625499340545733,3.524671379717378,0
2011-02-28,2.8380329634006567,3.486133326662449,0
2011-03-07,3.1735230795022855,3.468587861677839,0
2011-03-14,5.176974124043866,3.5644722148582852,0
2011-03-21,3.489294445561565,3.56025281088545,0
2011-03-28,3.366233026129794,3.549363317112689,0
2011-04-04,2.6833767471714607,3.500759225666315,0
2011-04-11,3.4360396754615263,3.497126796428139,0
2011-04-17,1.6891139758399372,3.3956508341923164,0
2011-04-25,2.686886683440542,3.3558709590847973,0
2011-05-02,3.866075836082297,3.3845065584794343,0
2011-05-09,3.12831795816958,3.3701277972039287,0
2011-05-16,1.5544903026193757,3.268223894899483,0
2011-05-23,2.2437733070383645,3.2107259015321343,0
2011-05-30,2.756557195369662,3.1852353707402994,0
2011-06-06,2.544579294505278,3.1492781081269596,0
2011-06-13,3.050257920595124,3.143720532043348,0
2011-06-20,4.208691181986282,3.203492741745219,0
2011-06-27,4.507949529108068,3.2767062755129888,0
2011-07-04,4.5904294234033305,3.3504398901343033,0
2011-07-11,4.117334879323756,3.3934823985035267,0
2011-07-18,2.2581916298909745,3.329763423809019,0
2011-07-25,4.913997000577518,3.41867962217789,0
2011-08-01,8.005479449950462,3.6761169151031154,0
2011-08-08,8.649116241354568,3.955229920322453,0
2011-08-15,6.482529328828265,4.097076336683991,0
2011-08-22,5.223185424463272,4.1602799832309945,0
2011-08-29,5.74453024357555,4.2491971179770385,0
2011-09-05,3.182297128372448,4.189316622760587,0
2011-09-12,5.114663193869038,4.241252335071687,0
2011-09-19,8.25242371355198,4.466382085640412,0
2011-09-26,7.003375531083183,4.608772586487927,0
2011-10-03,6.126525495789592,4.693957511701842,0
2011-10-10,6.161120671815289,4.776303052471308,0
2011-10-17,4.13298155219714,4.740196191101776,0
2011-10-24,7.276956843865743,4.882573626300189,0
2011-10-31,4.61982995528899,4.867826957176151,0
2011-11-07,3.0399973541016094,4.765238764402845,0
2011-11-14,3.364231383756465,4.686606262226047,0
2011-11-21,3.698179446369187,4.631130127822236,0
2011-11-28,4.893754126612637,4.64587008026063,0
2011-12-05,2.537556425484478,4.527539527303747,0
2011-12-12,4.891073392959268,4.547943115377144,0
2011-12-19,4.254609417606442,4.531479559976144,0
2011-12-26,2.5725580489567297,4.421533743767563,0
2012-01-02,3.9705665771530425,4.396222901583334,0
2012-01-09,3.369973341371866,4.3386239396563555,0
2012-01-16,3.3983010872436927,4.285847673263584,0
2012-01-23,3.8006528353168236,4.258615779500528,0
2012-01-30,2.3890555178493136,4.153685424832361,0
2012-02-06,2.9248455097671893,4.084715939995158,0
2012-02-13,2.2682661297334463,3.9827664459150123,0
2012-02-20,2.4743010164529826,3.8981027868905516,0
2012-02-27,3.350314300982785,3.867357781613924,0
2012-03-05,2.4409414150137203,3.787299182636406,0
2012-03-12,3.9113954589524322,3.7942641714382854,0
2012-03-19,2.7928708985127564,3.7380602857194116,0
2012-03-26,2.547008726794883,3.6712116983432317,0
2012-04-01,2.887615065903865,3.6272317987672618,0
2012-04-09,2.426242628108779,3.559825456102211,0
2012-04-16,2.8902378480662567,3.5222443913813724,0
2012-04-23,2.825112506835999,3.4831173852097574,0
2012-04-30,3.3706934710013954,3.4768075157537988,0
2012-05-07,2.9576891102404472,3.4476716384447785,0
2012-05-14,4.561894614352855,3.510208168793468,0
2012-05-21,2.115749615615697,3.4319432240594745,0
2012-05-28,4.549831885720617,3.494685493540548,0
2012-06-04,3.8536498014878884,3.514832612046833,0
2012-06-11,1.8634114293995632,3.4221454631187442,0
2012-06-18,3.066517667501272,3.4021856086602194,0
2012-06-25,2.813393830074937,3.369139265399752,0
2012-07-02,2.783353796205212,3.336261653320132,0
2012-07-09,3.090406442186118,3.3224628606144484,0
2012-07-16,3.0775727439014786,3.3087182344964727,0
2012-07-23,2.9891126918866378,3.2907801537467556,0
2012-07-30,2.6025538809260693,3.252152981154178,0
2012-08-06,2.4325269907051665,3.2061509090962796,0
2012-08-13,3.1803310479991143,3.204701751645738,0
2012-08-20,2.36639398350891,3.157651151974783,0
2012-08-27,1.9004009463566873,3.0870871200533854,0
2012-09-03,2.738729258695795,3.0675352956519553,0
2012-09-10,3.79563942588376,3.108400640400513,0
2012-09-17,2.9731339802267702,3.10080870612701,0
2012-09-24,3.161476259464127,3.104213714255976,0
2012-10-01,2.7592219820472454,3.0848508161666275,0
2012-10-08,2.8519350016502987,3.0717782559895954,0
2012-10-15,3.367780817163489,3.0883916031834593,0
2012-10-22,1.6769385263535619,3.009172829128843,0
2012-10-29,2.0402468534739753,2.954791192784653,0
2012-11-05,3.382482866806042,2.9787956819494203,0
2012-11-12,2.9679600134094075,2.978187522605059,0
2012-11-19,3.341457006322128,2.9985762720604456,0
2012-11-26,2.949564495081601,2.9958254523908163,0
2012-12-03,2.218064024428089,2.9521730576767404,0
2012-12-10,2.7393158625004252,2.9402263012968226,0
2012-12-17,2.7306857402310523,2.9284656932859425,0
2012-12-24,4.099629609975994,2.9941980730725715,0
2012-12-31,4.477637469428216,3.077457128788086,0
2013-01-07,2.02562985149354,3.018422599909787,0
2013-01-14,1.9540310310756002,2.9586828915331576,0
2013-01-21,2.188133453251209,2.915435274696848,0
2013-01-28,2.8020127699466992,2.909069358660382,0
2013-02-04,2.1261220252905755,2.8651259014409667,0
2013-02-11,2.1048744106494914,2.822456263985528,0
2013-02-18,3.494190506535426,2.860157810043883,0
2013-02-25,3.2558862553666996,2.8823683410290313,0
2013-03-04,3.1322908154856095,2.896395411684199,0
2013-03-11,2.2892858883240463,2.8623209724081207,0
2013-03-18,2.390119029582912,2.8358183138140163,0
2013-03-24,2.5871052110069708,2.821859119973902,0
2013-04-01,4.420226037592349,2.91156856181208,0
2013-04-08,3.077454763973774,2.9208790389250283,0
2013-04-15,3.047108111478661,2.9279637323816536,0
2013-04-22,2.7621392827876763,2.918656721174012,0
2013-04-29,2.780488830308247,2.9109019533338505,0
2013-05-06,3.8025399463959517,2.960945748533576,0
2013-05-13,2.5451108435926266,2.9376067286828227,0
2013-05-20,2.815048915673223,2.9307280871914303,0
2013-05-27,4.244714628893435,3.0044764849714602,0
2013-06-03,3.9734982777004784,3.0588634991147936,0
2013-06-10,1.7793287523538674,2.9870487320051815,0
2013-06-17,6.121499562244719,3.1629719392178117,0
2013-06-24,3.422104508960357,3.177515932801171,0
2013-07-01,4.752025108173654,3.265886342457932,0
2013-07-08,3.780446016389366,3.294766357823617,0
2013-07-15,2.372456076493623,3.243001059363231,0
2013-07-22,3.35814144992202,3.249463392921441,0
2013-07-29,2.1883551896057605,3.1899079656912552,0
2013-08-05,3.0915586193483544,3.184388041030454,0
2013-08-12,4.224878680245269,3.2427862933046496,0
2013-08-19,3.015093683281793,3.2300068890698177,0
2013-08-26,2.7520373697964398,3.203180521283399,0
2013-09-02,2.7191208405260787,3.1760123389978143,0
2013-09-09,2.5332185910049794,3.1399350980878062,0
2013-09-16,3.285182551007701,3.1480872112141687,0
2013-09-23,2.663702120889858,3.120900765092977,0
2013-09-30,3.016683874891891,3.115051520500265,0
2013-10-07,2.6922957307518507,3.0913240612328416,0
2013-10-14,2.2267728704660334,3.042800531429194,0
2013-10-21,3.1479717193950325,3.0487033366398597,0
2013-10-28,2.4228466090752176,3.0135766976425082,0
2013-11-04,2.8910053512984613,3.006697296583418,0
2013-11-11,4.061462714229558,3.0658967306083884,0
2013-11-18,2.4490201091165145,3.031274106236562,0
2013-11-25,2.351101017589894,2.9930989241408525,0
2013-12-02,3.015171828444643,2.994337781066014,0
2013-12-09,2.101585634136475,2.9442314532147,0
2013-12-16,3.666792447204435,2.9847856856317723,0
2013-12-23,2.24363168864097,2.9431879081419536,0
2013-12-30,1.6879258458034339,2.872735462128609,0
2014-01-06,2.7661439456947017,2.8667529400064553,0
2014-01-13,2.737707702549555,2.8595101873590325,0
2014-01-20,2.2993833775129398,2.8280726851710103,0
2014-01-27,4.1853870949286955,2.904252889325702,0
2014-02-03,3.4400688889417466,2.934325930580298,0
2014-02-10,2.9299600225133395,2.9340808909892715,0
2014-02-17,2.9799060437847955,2.936652859186387,0
2014-02-24,2.789151933601292,2.928374268357837,0
2014-03-03,3.8291419498408223,2.9789304735951867,0
2014-03-10,3.187119235048718,2.990615210923713,0
2014-03-17,3.6394212553067566,3.0270298961009834,0
2014-03-24,4.011591202965638,3.082289076155772,0
2014-03-31,2.3519270674814514,3.041297006427747,0
2014-04-07,4.183194260693585,3.105386774670304,0
2014-04-13,3.015777108604962,3.1003573705720227,0
2014-04-21,2.2341315931875108,3.0517398534434825,0
2014-04-28,2.514039313107217,3.021561041045685,0
2014-05-05,2.7783264800720517,3.0079093341314733,0
2014-05-12,2.206753766815442,2.962943927266973,0
2014-05-19,2.463539436703071,2.9349145069842253,0
2014-05-26,2.3515069618078766,2.902170357524517,0
2014-06-02,2.1367668763800682,2.8592115610694604,0
2014-06-09,2.3237552391309997,2.829158706971732,0
2014-06-16,2.347869048088857,2.8021459940677373,0
2014-06-23,2.6273376057341946,2.792334753123512,0
2014-06-29,2.884773672666098,2.7975229510178012,0
2014-07-07,2.832377579155981,2.7994791909782806,0
2014-07-14,2.6908304809191788,2.793381207449966,0
2014-07-21,2.265266100083649,2.7637403840658505,0
2014-07-28,3.321019395776879,2.7950180516261987,0
2014-08-04,3.1906530240351243,2.8172233363798087,0
2014-08-11,2.969502387799811,2.825770102804936,0
2014-08-18,2.2836412706920552,2.7953427494875296,0
2014-08-25,2.3774540330913805,2.771888458057231,0
2014-09-01,2.976522700555198,2.78337369556629,0
2014-09-08,3.076090348328962,2.7998026188921092,0
2014-09-15,2.568552706423488,2.7868235586125096,0
2014-09-22,3.4302170244401715,2.8229344590981946,0
2014-09-29,3.8465191253436806,2.880383852019702,0
2014-10-06,3.8160423414643505,2.9328983278349914,0
2014-10-13,4.222017876659408,3.0052510485482267,0
2014-10-20,4.31702665241531,3.078875355922653,0
2014-10-27,3.5934112661393063,3.107754037533513,0
2014-11-03,2.890939275452979,3.0955851599909883,0
2014-11-10,3.2303072772966925,3.1031465314217486,0
2014-11-17,3.580167136677888,3.1299196407567442,0
2014-11-24,5.37105153044658,3.255704708436561,0
2014-12-01,3.6746539477024993,3.2792185224418438,0
2014-12-08,5.396619777291748,3.398059123198939,0
2014-12-15,5.905687833667769,3.5388015081131208,0
2014-12-22,4.1608970057802,3.5737170454973097,0
2014-12-29,3.0855789071520734,3.546319956976405,0
2015-01-05,3.4238197667586934,3.5394445496038123,0
2015-01-12,4.7092852345094665,3.6051026620970608,0
2015-01-19,3.346310357672668,3.590577766138553,0
2015-01-26,3.4678628719177746,3.583690308356219,0
2015-02-02,5.339520374108649,3.6822374776107214,0
2015-02-09,3.359223038988156,3.6641080702292927,0
2015-02-16,2.4302570389941125,3.594857333052817,0
2015-02-23,3.439675027629834,3.586147619501313,0
2015-03-02,3.9493325267472863,3.6065316220441286,0
2015-03-09,4.393392828333532,3.650694748071233,0
2015-03-16,4.494345389235154,3.698045220163088,0
2015-03-23,2.6497393717229123,3.6392083338995826,0
2015-03-29,3.4195656830037673,3.6268807391536404,0
2015-04-06,4.11514539079693,3.6542849283203536,0
2015-04-13,3.479251769065271,3.644461071953667,0
2015-04-20,2.98261644297548,3.607314587254337,0
2015-04-27,4.8705873885588336,3.678216641498074,0
2015-05-04,3.172049394216204,3.649807656846364,0
2015-05-11,2.4707641106180556,3.583633027436087,0
2015-05-18,2.9634968431238136,3.5488274578606087,0
2015-05-25,2.749052560423626,3.50393954204203,0
2015-06-01,3.97592730664164,3.530430179736014,0
2015-06-08,1.5177421044677333,3.4174666781542222,0
2015-06-15,3.594295428500596,3.4273913133050495,0
2015-06-22,5.286773042663199,3.531750390852377,0
2015-06-28,2.9000076176414025,3.4962933934975378,0
2015-07-06,3.959980524933591,3.5223181524500404,0
2015-07-13,3.5570587851790805,3.5242679943398305,0
2015-07-20,4.090194039770575,3.556030982610962,0
2015-07-27,3.3708714726298177,3.54563877784975,0
2015-08-03,3.7322085929278153,3.5561101369538552,0
2015-08-10,3.6041111051998205,3.558804224288604,0
2015-08-17,4.497318521484129,3.61147898427676,0
2015-08-24,5.378663457088945,3.710663427431583,0
2015-08-31,4.479178687442439,3.753796874614299,0
2015-09-07,2.3236144154463294,3.673526901102911,0
2015-09-14,3.0935881672766397,3.640977441064403,0
2015-09-21,6.8150361790491045,3.8191236693224706,0
2015-09-28,3.9426253126010744,3.8260552839364226,0
2015-10-05,4.898584314311098,3.886251712935038,0
2015-10-12,2.5314009863002522,3.8102097846889538,0
2015-10-19,4.630326413502532,3.8562393941622886,0
2015-10-26,4.163101142667907,3.8734622207088636,0
2015-11-02,4.064223713579572,3.8841688406100983,0
2015-11-09,4.181498138016603,3.9008566517869077,0
2015-11-16,3.002892196986164,3.8504577795738077,0
2015-11-23,3.2620745880394053,3.817434368542401,0
2015-11-30,4.272799580709047,3.8429920540561007,0
2015-12-07,5.252740901900187,3.922115177087541,0
2015-12-14,3.88484823049683,3.9200235440958826,0
2015-12-20,3.5310000675578754,3.89818933409223,0
2015-12-27,2.5963628582340808,3.825123428365522,0
2016-01-04,4.724939526713784,3.8756262253453952,0
2016-01-11,4.180162856167026,3.892718553063861,0
2016-01-18,2.9997321845015263,3.842599079362421,0
2016-01-25,5.031508283925535,3.9093274256275867,0
2016-02-01,7.3297899060789025,4.101303233289396,0
2016-02-08,5.108666455954624,4.157842186540667,0
2016-02-15,3.5763393393287752,4.125204939563347,0
2016-02-22,2.783279191192644,4.049888434605909,0
2016-02-29,4.866295331778933,4.095709832841151,0
2016-03-07,3.0757064338393874,4.038461441005168,0
2016-03-14,3.4384734467542235,4.004786702445102,0
2016-03-20,3.392777772731644,3.9704372806199935,0
2016-03-28,3.9391474187560176,3.968681115616783,0
2016-04-04,3.2633660021287865,3.92909482009628,0
2016-04-11,3.113687034695613,3.883329497695969,0
2016-04-18,5.3343045350501335,3.964766468949177,0
2016-04-25,3.404431314024545,3.933317273250422,0
2016-05-02,3.3330784512462137,3.899628456810305,0
2016-05-09,2.593516614779365,3.8263220319617393,0
2016-05-16,3.2032497085527036,3.791351669561393,0
2016-05-23,2.187792865170336,3.7013508295096234,0
2016-05-30,2.9568231573220674,3.659563702180598,0
2016-06-06,2.7516573122870844,3.6086068320271423,0
2016-06-13,3.3335888332600367,3.5931712578214334,0
2016-06-20,5.0946851186672415,3.6774447552793683,0
2016-06-27,5.761965409000726,3.794439909698685,0
2016-07-04,4.067630310242196,3.809772908697953,0
2016-07-11,4.311827416909602,3.837951063042586,0
2016-07-18,1.8989647833721508,3.729124125395317,0
2016-07-25,2.939163938062074,3.6847870669271408,0
2016-08-01,3.1632357534997366,3.6555146409892623,0
2016-08-08,2.947759459838715,3.6157913949940954,0
2016-08-15,2.7932447585322615,3.5696253996713136,0
2016-08-22,2.3491202053993017,3.501123706767234,0
2016-08-29,2.7814431358355507,3.460731140074062,0
2016-09-05,4.093075133501655,3.4962218813267882,0
2016-09-12,3.6152744140127866,3.502903786550775,0
2016-09-19,3.4521094831277326,3.5000529213593023,0
2016-09-26,4.121395823453846,3.53492621879971,0
2016-10-03,4.214654222055034,3.573076420171915,0
2016-10-10,3.289364534372368,3.5571528955810425,0
2016-10-17,1.932685399646681,3.4659785408454784,0
2016-10-24,3.7493412535390953,3.481882467855787,0
2016-10-31,3.2515940385760964,3.468957371481011,0
2016-11-07,9.267233620710014,3.794389611230401,0
2016-11-14,3.624409595092731,3.784849365994298,0
2016-11-21,2.1865800204095764,3.6951454004535753,0
2016-11-28,3.2221251059784874,3.6685968113106533,0
2016-12-05,3.858572161190283,3.6792593083961833,0
2016-12-12,4.135206064548984,3.7048496334658116,0
2016-12-19,3.0306314251853204,3.667008673123552,0
2016-12-26,3.3025197720811614,3.646551483032654,0
2017-01-02,2.6794313474008513,3.5922712007009454,0
2017-01-09,2.5133779371548823,3.531717574741332,0
2017-01-16,3.0162864005793715,3.50278864582621,0
2017-01-23,2.9045617661706244,3.4692127510332544,0
2017-01-30,2.9996112128753545,3.442856041938408,0
2017-02-06,2.0235849140481776,3.3631984743945407,0
2017-02-13,2.2605137961318635,3.301309538931682,0
2017-02-20,2.9134266684978267,3.2795393462295843,0
2017-02-27,3.186424396428826,3.274313205672407,0
2017-03-06,2.7799120910385033,3.2465646033026423,0
2017-03-13,2.703292913872502,3.2160731063327983,0
2017-03-20,2.5694359624652385,3.179780152187685,0
2017-03-27,2.897436728547398,3.1639334334760703,0
2017-04-03,1.8268767181179564,3.088890206343039,0
2017-04-09,1.9180664153783782,3.023176916346522,0
2017-04-17,3.4430129692385187,3.0467405033760904,0
2017-04-24,2.7581409287029133,3.0305426538877875,0
2017-05-01,2.3265194194666416,2.9910288659678437,0
2017-05-08,2.772591951286112,2.9787689439956413,0
2017-05-15,2.707807452643055,2.963561044056684,0
2017-05-22,2.627429179312621,2.9446954121183393,0
2017-05-29,3.0701083681992882,2.9517343004770034,0
2017-06-05,3.468746634799211,2.9807519730928793,0
2017-06-12,2.109087065396805,2.9318291810371893,0
2017-06-19,3.780180664388587,2.9794434911277916,0
2017-06-26,4.031652275800776,3.038499432369923,0
2017-07-03,2.1258118457357478,2.9872742142631936,0
2017-07-10,2.5916164314208587,2.96506764925833,0
2017-07-17,3.536369877795991,2.997132379501487,0
2017-07-24,2.6422846065848296,2.977216304353169,0
2017-07-31,2.586265940140891,2.9552739464544127,0
2017-08-07,2.27205777088307,2.916927969013486,0
2017-08-14,2.699565429149472,2.9047283470663654,0
2017-08-21,2.0615463311488793,2.8574041768885614,0
2017-08-28,2.404784071183103,2.832000562361758,0
2017-09-04,3.010795493928448,2.842035550784968,0
2017-09-11,4.137240887276017,2.9147298405138664,0
2017-09-18,3.4551353871344888,2.945060473248574,0
2017-09-25,2.1837652249825386,2.902332254187482,0
2017-10-02,2.1226609058649846,2.858572663880491,0
2017-10-09,2.2138668422463943,2.8223881065231637,0
2017-10-16,2.626260251304039,2.811380295846725,0
2017-10-23,3.073989681574339,2.8261194281169257,0
2017-10-30,2.9721330376947943,2.8343145423123106,0
2017-11-06,3.589551973616847,2.8767027622327896,0
2017-11-13,2.757512922598913,2.8700131505619795,0
2017-11-20,1.4896578623516488,2.7925397612677156,0
2017-11-27,3.545770009974311,2.8348153266853124,0
2017-12-04,2.1383570536759673,2.795726127424142,0
2017-12-11,3.1928286206688545,2.8180137777933147,0
2017-12-18,4.673602360427306,2.92215996237365,0
2017-12-25,2.2689636776416835,2.885498871939304,0
2018-01-01,4.067681417816234,2.9518496798623524,0
2018-01-08,3.4293552665396203,2.9786500091129455,0
2018-01-15,2.9147750167405353,2.9750649812635923,0
2018-01-22,3.2894941605261203,2.992712535062633,0
2018-01-29,4.269937280962284,3.0643976517862,0
2018-02-05,5.651217106105065,3.209584671628213,0
2018-02-12,3.1492175730561915,3.2061965267294465,0
2018-02-19,2.7550562587881067,3.180875969114274,0
2018-02-26,2.728364211669771,3.155478435708087,0
2018-03-05,2.2701178350019213,3.105786963468905,0
2018-03-12,3.484535782984212,3.127044501285199,0
2018-03-19,4.115698110437253,3.1825333646185823,0
2018-03-25,3.1327332440641453,3.17973829862393,0
2018-04-02,2.562918116827018,3.1451188419687752,0
2018-04-09,3.782369293053947,3.180884961529831,0
2018-04-16,4.852330977920088,3.2746960180151796,0
2018-04-23,2.9623491065470136,3.2571653329272787,0
2018-04-30,3.261359620169588,3.2574007401815637,0
2018-05-07,3.9069399703485304,3.2938565759148886,0
2018-05-14,2.911970188454843,3.2724229399411886,0
2018-05-21,3.5387352467489355,3.2873699012020974,0
2018-05-28,2.4916208496267336,3.2427079387495397,0
2018-06-04,3.7524729285489555,3.2713188491728413,0
2018-06-11,3.7057831360924505,3.295703455891462,0
2018-06-18,3.358941968462101,3.2992527608744764,0
2018-06-25,2.7208145880260104,3.266787520852211,0
2018-07-02,3.2537948596249215,3.2660582988107354,0
2018-07-09,2.592096095673227,3.228231706933083,0
2018-07-16,2.6774276455876196,3.197317450412354,0
2018-07-23,3.384144701942557,3.207803258314277,0
2018-07-30,2.7894481148118353,3.1843227883420537,0
2018-08-06,3.1710092327160764,3.1835755558818954,0
2018-08-13,3.8867998889661326,3.223044504915206,0
2018-08-20,3.1473475862416196,3.2187959633267726,0
2018-08-27,2.372068996606764,3.1712728303486677,0
2018-09-03,2.889513555669905,3.1554588973990145,0
2018-09-10,2.1967955877206813,3.1016532602364757,0
2018-09-17,2.9191198098953373,3.0914084448774974,0
2018-09-24,3.8290260146814172,3.132807737960801,0
2018-10-01,5.242839469122918,3.251234719135711,0
2018-10-08,3.3405061969376963,3.2562451421852687,0
2018-10-15,4.543909652109121,3.3285161978401354,0
2018-10-22,3.9554768674068104,3.3637047963411106,0
2018-10-29,3.789498676034767,3.387602770494845,0
2018-11-05,3.437352523258823,3.390395009562639,0
2018-11-12,4.060283333212443,3.4279929521539927,0
2018-11-19,3.366938591702928,3.4245662342098973,0
2018-11-26,4.125843795715004,3.4639259193502774,0
2018-12-03,3.595105002903604,3.4712884355764935,0
2018-12-10,3.1243310403221245,3.4518152132976727,0
2018-12-17,6.472845374750293,3.621372607518535,0
2018-12-24,3.7781950265576616,3.6301743735740257,0
2018-12-31,5.287578420134989,3.7231973148514026,0
2019-01-07,3.256793448335855,3.697020077275302,0
2019-01-14,2.7569114743663867,3.644255835783186,0
2019-01-21,3.157416975020564,3.616931670109622,0
2019-01-28,3.5557146244930884,3.613495821348798,0
2019-02-04,3.6797292401509143,3.617213217502508,0
2019-02-11,2.671790346146313,3.564150709041195,0
2019-02-18,3.1599763671774537,3.541466146307668,0
2019-02-25,2.5036621731269926,3.4832186850112334,0
2019-03-04,3.5242648343531733,3.4855224283548196,0
2019-03-11,2.624302142615149,3.4371858478852126,0
2019-03-18,4.419187924302866,3.492301389372158,0
2019-03-25,2.5669577313497363,3.4403658405600135,0
2019-04-01,2.7756490586472,3.403058154303144,0
2019-04-08,3.1801340077330877,3.3905463833570533,0
2019-04-15,4.014729918333618,3.4255791132703832,0
2019-04-22,2.7626651293485,3.3883726102898506,0
2019-04-29,2.6276202196511704,3.34567485948621,0
2019-05-06,2.8859802697152714,3.319874184678809,0
2019-05-13,3.1961808394160713,3.3129318106592374,0
2019-05-20,3.0199663351619837,3.2964889219864193,0
2019-05-27,3.8119919672535407,3.3254218847167167,0
2019-06-03,5.14054552092441,3.4272969463665772,0
2019-06-10,2.346359333303982,3.3666285798852296,0
2019-06-17,4.31225260537246,3.4197023782604044,0
2019-06-24,2.3064931237659603,3.357222743722804,0
2019-07-01,2.5197870958296926,3.3102210923999515,0
2019-07-08,3.1701432643970935,3.302359128025236,0
2019-07-15,2.00382423580648,3.2294779646926552,0
2019-07-22,1.9911014015992892,3.159973228930158,0
2019-07-29,4.670100306711078,3.244730149108598,0
2019-08-05,3.3006251085323357,3.247867292123884,0
2019-08-12,4.262455986862457,3.30481177996147,0
2019-08-19,3.5084676967907433,3.316242108269953,0
2019-08-26,2.501970240887811,3.2705405400491694,0
2019-09-02,3.2673714676162677,3.270362673680711,0
2019-09-09,4.8803719404205035,3.3607255503653244,0
2019-09-16,6.27250695764671,3.5241512831696578,0
2019-09-23,3.4508760297723726,3.520038659209312,0
2019-09-30,3.8573164571552843,3.5389686074362348,0
2019-10-07,2.9323752244423704,3.5049231368929674,0
2019-10-14,3.0277338925237056,3.4781405625718396,0
2019-10-21,2.8313305823158954,3.4418379078656343,0
2019-10-28,2.9883463965978403,3.4163853851027115,0
2019-11-04,4.081814779290992,3.4537330672133333,0
2019-11-11,2.452582530191886,3.397542805213913,0
2019-11-18,1.999724513438127,3.319089292841896,0
2019-11-25,2.226874507079424,3.2577879872917603,0
2019-12-02,3.546362619454955,3.273984436864547,0
2019-12-09,1.7846592043639684,3.190395034549956,0
2019-12-16,3.1383066485660245,3.1874715380853065,0
2019-12-23,2.291085738831898,3.1371612689998396,0
2019-12-30,2.187441986712202,3.083857621521997,0
2020-01-06,2.4076735649642096,3.0459063265940105,0
2020-01-13,3.6710855458220633,3.080994939970307,0
2020-01-20,4.665277671424951,3.1699138971797227,0
2020-01-27,5.110432889155772,3.278826859358606,0
2020-02-03,3.0776477698587197,3.267535544686354,0
2020-02-10,2.6070272906455214,3.2304640649488974,0
2020-02-17,4.5287675561969,3.3033322407429484,0
2020-02-24,8.671915563977036,3.6046476696850593,0
2020-03-02,15.071935360670253,4.248257073018359,0
2020-03-09,15.925507436504576,4.903650775656967,0
2020-03-16,21.23672554352316,5.820355823024746,0
